unit,level,source_url,tanggal_ambil
"Dalam pertemuan tersebut, warga menyampaikan keluhan terkait kondisi Tempat Pembuangan Akhir (TPA).",tak jelas,https://aksara24.id/2026/02/17/reses-di-pintu-batu-legislator-rodi-soroti-krisis-sampah-dan-janji-perjuangkan-infrastruktur-2027/,2026-06-15
"Selain persoalan sampah, warga juga mengangkat isu infrastruktur, khususnya kondisi gorong-gorong dan bahu jalan yang dinilai perlu segera diperbaiki.",tak jelas,https://aksara24.id/2026/02/17/reses-di-pintu-batu-legislator-rodi-soroti-krisis-sampah-dan-janji-perjuangkan-infrastruktur-2027/,2026-06-15
"Melalui reses ini, Rodi berharap terjalin sinergi antara pemerintah, pihak ketiga, dan masyarakat dalam menyelesaikan persoalan sampah dan infrastruktur.",tak jelas,https://aksara24.id/2026/02/17/reses-di-pintu-batu-legislator-rodi-soroti-krisis-sampah-dan-janji-perjuangkan-infrastruktur-2027/,2026-06-15
Ia juga mengajak warga terus aktif menyampaikan aspirasi agar kebijakan yang diambil benar-benar sesuai kebutuhan di lapangan.,tak jelas,https://aksara24.id/2026/02/17/reses-di-pintu-batu-legislator-rodi-soroti-krisis-sampah-dan-janji-perjuangkan-infrastruktur-2027/,2026-06-15
Ia mengingatkan masyarakat agar tetap menjaga hubungan baik dalam keluarga dan lingkungan sosial.,tak jelas,https://aksatanews.com/gubernur-al-haris-sholat-idul-adha-1447-h-di-masjid-al-falah-ajak-masyarakat-perkuat-semangat-berkurban,2026-06-15
"Pada kesempatan tersebut, Al Haris turut mengajak masyarakat untuk mendoakan kesehatan Presiden Prabowo Subianto agar senantiasa diberikan kekuatan dalam memimpin bangsa dan membawa kesejahteraan bagi rakyat Indonesia.",tak jelas,https://aksatanews.com/gubernur-al-haris-serahkan-sapi-kurban-presiden-prabowo-seberat-930-kg-di-islamic-center-,2026-06-15
"Selanjutnya, dalam misi ketiga, yang berfokus pada Pemantapan Keberlanjutan Pembangunan dan Kualitas Sumber Daya Manusia, target yang ingin dicapai meliputi: (1) Peningkatan kesejahteraan masyarakat; (2) Pengurangan kesenjangan pendapatan; (3) Peningkatan kualitas lingkungan; (4) Peningkatan pemanfaatan sumber daya laut secara berkelanjutan untuk mendorong pertumbuhan ekonomi masyarakat; (5) Peningkatan derajat kesehatan masyarakat; dan (6) Peningkatan pendidikan dan kebudayaan masyarakat serta pengarusutamaan gender.",tak jelas,https://aksatanews.com/gubernur-al-haris-uraikan-lima-pilar-pro-jambi-mantap-berdaya-saing-dan-berkelanjutan,2026-06-15
"Menu kedua adalah Pro Jambi Sehat, yang meliputi subsidi BPJS Kesehatan bagi keluarga miskin, bantuan gizi bagi ibu hamil, balita, dan remaja, serta gerakan masyarakat hidup sehat.",tak jelas,https://aksatanews.com/gubernur-al-haris-uraikan-lima-pilar-pro-jambi-mantap-berdaya-saing-dan-berkelanjutan,2026-06-15
"Meningkatkan kualitas pelayanan, Membangun kepercayaan masyarakat, Meningkatkan efektivitas pemerintahan.",tak jelas,https://aksatanews.com/gubernur-al-haris-pentingnya-penguatan-nasionalisme-dan-kedisplinan-asn,2026-06-15
"""Kita perlu meningkatkan kualitas pelayanan kepada masyarakat, meningkatkan kepercayaan masyarakat terhadap pemerintah, serta membangun citra positif pemerintah.",tak jelas,https://aksatanews.com/gubernur-al-haris-pentingnya-penguatan-nasionalisme-dan-kedisplinan-asn,2026-06-15
"Menurutnya, PAN tidak boleh hanya aktif menjelang pemilu, tetapi harus konsisten hadir membantu dan mendengarkan aspirasi masyarakat setiap saat.",tak jelas,https://aksatanews.com/al-haris-pimpin-konsolidasi-dpw-dan-dpd-pan-kabupaten-tebo,2026-06-15
"Menurutnya, PAN tidak boleh hanya aktif menjelang pemilu, tetapi harus konsisten hadir membantu dan mendengarkan aspirasi masyarakat setiap saat.",tak jelas,https://aksatanews.com/konsolidasi-pan-di-sarolangun-al-haris-tekankan-pan-harus-selalu-hadir-di-tengah-masyarakat,2026-06-15
"Menteri Hukum Supratman menyampaikan bahwa keberadaan Posbankum di tingkat desa dan kelurahan diharapkan mampu mempermudah masyarakat dalam mengakses layanan hukum, baik untuk perkara perdata maupun pidana yang dapat diselesaikan secara kekeluargaan.",kota,https://aksatanews.com/gubernur-al-haris-dampingi-menteri-hukum-supratman-andi-resmikan-1585-posbankum-di-jambi,2026-06-15
"Kakanwil menambahkan, peresmian ini bukanlah akhir, melainkan awal dari upaya panjang dalam memastikan seluruh masyarakat, hingga ke pelosok desa, mendapatkan akses layanan hukum yang adil, mudah, dan bermartabat.",tak jelas,https://aksatanews.com/gubernur-al-haris-dampingi-menteri-hukum-supratman-andi-resmikan-1585-posbankum-di-jambi,2026-06-15
"Ariansyah, M.E., Kepala OPD lingkup pemerintah Provinsi Jambi, serta jajaran pengurus HKTI Provinsi Jambi.(*)
Editor: Anzari
AKSATANEWS.COM-Tiga warga Provinsi Jambi yang sempat terjebak dalam sindikat penipuan daring (online scam) di Kamboja akhirnya dipulangkan ke tanah ai
Read moreAKSATANEWS.COM-Dalam rangka memperingati Hari Kesatuan Gerak (HKG) PKK ke-54 Tahun 2026, Tim Penggerak PKK Provinsi Jambi Hj.",tak jelas,https://aksatanews.com/gubernur-al-haris-dorong-hkti-jadi-lokomotif-gerakan-pangan-di-jambi,2026-06-15
"Bestari juga menyampaikan bahwa Pemerintah Provinsi (Pemprov) Jambi mengimbau masyarakat untuk lebih waspada terhadap tawaran kerja di luar negeri dengan iming-iming gaji besar namun melalui jalur tidak resmi, guna menghindari kasus serupa di masa mendatang.",provinsi,https://aksatanews.com/gubernur-al-haris-bantu-pulangkan-3-warga-jambi-korban-scam-dari-kamboja,2026-06-15
"Dan penurunan stunting di Provinsi Jambi, tidak hanya pemerintah, pihak swasta dan masyarakat juga turut andil dalam upaya penanganan stunting.",tak jelas,https://aksatanews.com/abdullah-sani-minta-setiap-komponen-bekerjasama-tuntaskan-masalah-stunting,2026-06-15
"Kenaikan terjadi pada seluruh dimensi, baik dimensi umur panjang dan hidup sehat, dimensi pengetahuan maupun standar hidup layak, atau dengan kata lain, telah terjadi perbaikan dari sisi pendidikan, kesehatan dan perekonomian masyarakat Provinsi Jambi secara umum,"" lanjutnya.",tak jelas,https://aksatanews.com/gubernur-al-haris-rkpd-provinsi-perlu-jaga-keselarasan-dengan-target-nasional,2026-06-15
"Al Haris, S.Sos., MH berkomitmen penuh dalam menangani dampak bencana banjir yang melanda wilayah ini, dimana yan
Read moreAKSATANEWS.COM - 1.706 unit rumah warga telah di bangun menjadi rumah layak huni.",tak jelas,https://aksatanews.com/gubernur-al-haris-gelar-halal-bihalal-bersama-kepala-daerah-jambi-wilayah-barat-di-bangko,2026-06-15
"Al Haris, S.Sos., MH berkomitmen penuh dalam menangani dampak bencana banjir yang melanda wilayah ini, dimana yan
Read moreAKSATANEWS.COM - 1.706 unit rumah warga telah di bangun menjadi rumah layak huni.",tak jelas,https://aksatanews.com/gubernur-al-haris-serahkan-lkpj-2025-dprd-apresiasi-kinerja-pemprov-jambi,2026-06-15
"Penghargaan tersebut diberikan oleh Ombudsman Republik Indonesia sebagai bentuk apresiasi atas komitmen Pemprov Jambi dalam menyelenggarakan pelayanan publik yang bersih, patuh terhadap peraturan perundang-undangan, serta berorientasi pada kepentingan masyarakat.",provinsi,https://aksatanews.com/jambi-peringkat-1-nasional-raih-opini-tertinggi-ombudsman-ri-tanpa-maladministrasi-pelayanan-publik,2026-06-15
"Ke depan, Pemprov Jambi berkomitmen menjadikan capaian peringkat 1 nasional ini sebagai motivasi untuk terus memperkuat integritas dan profesionalisme aparatur dalam memberikan pelayanan terbaik kepada masyarakat.(*)
Editor: Anzari
AKSATANEWS.COM-Program Makan Bergizi (MBG) terus menunjukkan dampak signifikan sebagai motor penggerak ekonomi daerah.",provinsi,https://aksatanews.com/jambi-peringkat-1-nasional-raih-opini-tertinggi-ombudsman-ri-tanpa-maladministrasi-pelayanan-publik,2026-06-15
"“Kami berharap ini menjadi guliran yang berlanjut, tidak berhenti hari ini saja, tetapi bergulir ke seluruh penjuru Jambi, dilakukan oleh semua stakeholder hingga ke lingkungan warga.",tak jelas,https://aksatanews.com/gerakan-penanaman-serentak-jambi-tanam-201-ribu-bibit-pohon-menteri-lh-jambi-akan-kami-jadikan-contoh,2026-06-15
"Berdasarkan laporan dari tim peliputan Dinas Komunikasi dan Informatika Provinsi Jambi, ribuan masyarakat simpatisan NU membanjiri jalanan menuju lokasi acara puncak peringatan satu abad NU sehingga menyebabkan kemacetan yang sangat parah.",tak jelas,https://aksatanews.com/al-haris-jalan-kaki-bersama-jusuf-kalla-hadiri-resepsi-puncak-satu-abad-nu,2026-06-15
Kegiatan ini menjadi simbol kuat komitmen pemerintah daerah dan masyarakat dalam menjaga ketahanan pangan sekaligus mempertahankan lahan pertanian dari ancaman alih fungsi.,tak jelas,https://aksatanews.com/gerak-tanam-padi-perdana-di-merangin-al-haris-tegaskan-komitmen-jambi-jaga-ketahanan-pangan,2026-06-15
"“Jambi Mantap Expo juga merupakan salah satu wujud dukungan pemerintah daerah sebagai fasilitator UMKM, dengan memberikan ruang bagi pelaku UMKM, motor penggerak utama ekonomi masyarakat, untuk mempromosikan produk UMKM dari kabupaten/kota se-Provinsi Jambi, guna penguatan kapasitas UMKM lokal.",tak jelas,https://aksatanews.com/jambi-mantap-expo-wujud-dukungan-pemerintah-daerah-fasilitasi-umkm,2026-06-15
"Menurutnya, kehadiran UMKM dalam setiap event besar daerah merupakan bukti nyata keberpihakan pemerintah dalam mendorong pertumbuhan ekonomi masyarakat.",tak jelas,https://aksatanews.com/jambi-sunset-festival-gaet-umkm-al-haris-bukti-nyata-pemerintah-dorong-ekonomi-masyaraka,2026-06-15
"Prestasi merupakan produk dari budaya, pendidikan, kepemimpinan, dan karakter masyarakat yang dibangun secara sistematis dalam jangka panjang.",tak jelas,https://aksesjambi.com/news/13/06/2026/pendidikan-dan-bola-pembelajaran-efektif-membangun-karakter-pendidikan/,2026-06-15
“Pemerintah Provinsi Jambi menyerahkan secara simbolis beras cadangan pangan pemerintah kepada masyarakat yang terdampak bencana beberapa waktu lalu.,tak jelas,https://aksesjambi.com/news/13/06/2026/al-haris-salurkan-beras-cadangan-untuk-korban-banjir-longsor-sarolangun/,2026-06-15
"Ia juga menekankan bahwa keberhasilan pembangunan daerah tidak hanya bergantung pada pemerintah semata, tetapi membutuhkan keterlibatan seluruh elemen masyarakat, termasuk TP PKK yang selama ini menjadi ujung tombak dalam pemberdayaan keluarga.",tak jelas,https://aksesjambi.com/news/13/06/2026/bupati-fadhil-arief-tekankan-peran-strategis-tp-pkk-dalam-pemberdayaan-keluarga/,2026-06-15
"JAKARTA, AksesNews – Belum lama ini, sempat ramai di media sosial tentang netizen yang mengeluh karena harus membayar sejumlah uang saat dirawat inap di rumah sakit, padahal ia sudah menjadi peserta BPJS Kesehatan.",tak jelas,https://aksesjambi.com/news/12/06/2026/bukan-aturan-baru-ini-daftar-layanan-yang-tak-dijamin-bpjs-kesehatan/,2026-06-15
"Kami tegaskan kembali bahwa denda pelayanan ini hanya berlaku untuk pasien yang dirawat inap di rumah sakit dalam kurun waktu 45 hari sejak status JKN-nya aktif lagi,” jelas Kepala Humas BPJS Kesehatan, Rizzky Anugerah.",tak jelas,https://aksesjambi.com/news/12/06/2026/bukan-aturan-baru-ini-daftar-layanan-yang-tak-dijamin-bpjs-kesehatan/,2026-06-15
"“Bukan hanya penyakit berbiaya mahal yang dijamin, BPJS Kesehatan bahkan menjamin biaya pelayanan kesehatan yang memerlukan perawatan berjangka waktu lama atau bahkan berlangsung seumur hidup, seperti cuci darah bagi pasien gagal ginjal, penderita talasemia dan hemofilia, pasien yang menjalani pengobatan kanker, insulin untuk penderita diabetes, dan lain sebagainya,” kata Rizzky.",tak jelas,https://aksesjambi.com/news/12/06/2026/bukan-aturan-baru-ini-daftar-layanan-yang-tak-dijamin-bpjs-kesehatan/,2026-06-15
Ia menekankan pentingnya peran perusahaan media siber sebagai mitra strategis pemerintah dalam menyampaikan informasi akurat ke masyarakat dan mendorong pembangunan daerah.,tak jelas,https://aksesjambi.com/news/12/06/2026/sambut-kepengurusan-baru-jmsi-jambi-al-haris-jmsi-adalah-organisasi-kekinian/,2026-06-15
"Jadikan sholawat sebagai Gerakan kolektif di masyarakat, instansi pemerintah, sekolah, hingga masjid.",tak jelas,https://aksesjambi.com/news/11/06/2026/hesti-haris-ajak-masyarakat-membumikan-budaya-sholawat-di-jambi/,2026-06-15
"Dalam sambutan dan arahannya Hesti Haris menyampaikan apresiasi dan dukungan penuh kepada seluruh elemen masyarakat, khususnya para ulama dan tokoh agama yang selama ini aktif membina umat serta mendukung program pembangunan pemerintah.",tak jelas,https://aksesjambi.com/news/11/06/2026/hesti-haris-ajak-masyarakat-membumikan-budaya-sholawat-di-jambi/,2026-06-15
"Ia juga yakin dan optimistis, dengan sinergi antara pemerintah, TP PKK, organisasi keagamaan, dan masyarakat, berbagai persoalan sosial yang ada di lingkungan kelurahan maupun desa dapat diselesaikan secara bersama-sama.",kota,https://aksesjambi.com/news/11/06/2026/hesti-haris-ajak-masyarakat-membumikan-budaya-sholawat-di-jambi/,2026-06-15
"Pada pelaksanaan kali ini, kegiatan digelar bersama Dinas Pendidikan Provinsi Jambi dengan membagikan sarapan bergizi kepada masyarakat sebagai bentuk kepedulian terhadap pemenuhan gizi sekaligus mempererat kebersamaan.",tak jelas,https://aksesjambi.com/news/10/06/2026/rabu-berkah-tp-pkk-jambi-bersama-dinas-pendidikan-bagikan-sarapan-bergizi-untuk-masyarakat/,2026-06-15
"Dinas Pendidikan menyiapkan sarapan berupa nasi kuning dan air minum yang siap dibagikan kepada masyarakat,” ujar Hj.",tak jelas,https://aksesjambi.com/news/10/06/2026/rabu-berkah-tp-pkk-jambi-bersama-dinas-pendidikan-bagikan-sarapan-bergizi-untuk-masyarakat/,2026-06-15
“Program ini juga menjadi wadah bagi dinas-dinas yang berpartisipasi untuk menyampaikan informasi penting dan hal-hal yang bermanfaat bagi masyarakat.,tak jelas,https://aksesjambi.com/news/10/06/2026/rabu-berkah-tp-pkk-jambi-bersama-dinas-pendidikan-bagikan-sarapan-bergizi-untuk-masyarakat/,2026-06-15
"Menurutnya, pendidikan tidak hanya berbicara mengenai proses belajar mengajar di sekolah, tetapi juga tentang membangun karakter, kepedulian, dan semangat berbagi di tengah masyarakat.",tak jelas,https://aksesjambi.com/news/10/06/2026/rabu-berkah-tp-pkk-jambi-bersama-dinas-pendidikan-bagikan-sarapan-bergizi-untuk-masyarakat/,2026-06-15
"“Melalui penyediaan sarapan bergizi, Dinas Pendidikan berharap dapat memberikan manfaat langsung kepada masyarakat sekaligus mengingatkan pentingnya pola hidup sehat melalui konsumsi makanan bergizi seimbang,” ucap Umar.",tak jelas,https://aksesjambi.com/news/10/06/2026/rabu-berkah-tp-pkk-jambi-bersama-dinas-pendidikan-bagikan-sarapan-bergizi-untuk-masyarakat/,2026-06-15
"Selain membantu memenuhi kebutuhan sarapan bagi warga yang membutuhkan, kegiatan tersebut juga menjadi ruang silaturahmi antara pemerintah dan Masyarakat,” tambahnya.",tak jelas,https://aksesjambi.com/news/10/06/2026/rabu-berkah-tp-pkk-jambi-bersama-dinas-pendidikan-bagikan-sarapan-bergizi-untuk-masyarakat/,2026-06-15
"Dengan kolaborasi berbagai OPD, Posyandu, serta para donatur, TP PKK Provinsi Jambi berharap program Rabu Berkah dapat terus berkembang dan menjadi salah satu gerakan sosial yang memberikan dampak nyata bagi peningkatan kesejahteraan masyarakat di Provinsi Jambi.",tak jelas,https://aksesjambi.com/news/10/06/2026/rabu-berkah-tp-pkk-jambi-bersama-dinas-pendidikan-bagikan-sarapan-bergizi-untuk-masyarakat/,2026-06-15
"Ia mengajak masyarakat untuk mulai memandang latihan beban sebagai kebutuhan dasar kesehatan, sama pentingnya dengan menjaga pola makan dan kualitas tidur.",tak jelas,https://aksesjambi.com/news/10/06/2026/coach-noe-soroti-bahaya-sarcopenia-pada-lansia-latihan-beban-jadi-kunci/,2026-06-15
"Sepanjang tahun 2026, pihaknya telah menangani puluhan sengketa informasi publik yang diajukan oleh masyarakat.",tak jelas,https://aksesjambi.com/news/11/06/2026/kadis-kominfo-jambi-pastikan-seleksi-komisi-informasi-sesuai-aturan/,2026-06-15
Hampir setiap hari masyarakat disuguhi kabar tentang korupsi.,tak jelas,https://amuranews.id/negeri-yang-mulai-kehilangan-rasa-hormat/,2026-06-15
"Dialog publik ini menjadi momentum penting dalam membangun kesadaran kolektif bahwa persoalan sampah bukan hanya urusan pemerintah semata, melainkan tanggung jawab bersama seluruh elemen masyarakat.",tak jelas,https://amuranews.id/revolusi-sampah-kota-jambi-dimulai-maulana-diza-siapkan-gerakan-besar-menuju-kota-bersih/,2026-06-15
"Sementara itu, terkait biaya operasional dan insentif bentor, mekanismenya akan dibahas melalui musyawarah di tingkat RT dengan mengedepankan asas keadilan, kemampuan ekonomi masyarakat, serta pola subsidi silang agar pelayanan tetap berjalan optimal tanpa memberatkan warga.",tak jelas,https://amuranews.id/revolusi-sampah-kota-jambi-dimulai-maulana-diza-siapkan-gerakan-besar-menuju-kota-bersih/,2026-06-15
"Jika lingkungan kita terjaga, maka investasi akan datang, ekonomi bergerak, daya beli masyarakat meningkat, dan pada akhirnya kesejahteraan masyarakat juga ikut tumbuh,” tegas Maulana di hadapan peserta dialog.",tak jelas,https://amuranews.id/revolusi-sampah-kota-jambi-dimulai-maulana-diza-siapkan-gerakan-besar-menuju-kota-bersih/,2026-06-15
Program pengelolaan sampah berbasis masyarakat yang digagas Pemerintah Kota Jambi tersebut diharapkan mampu menjadi solusi nyata terhadap persoalan sampah sekaligus menjadi instrumen pembangunan ekonomi.,tak jelas,https://amuranews.id/revolusi-sampah-kota-jambi-dimulai-maulana-diza-siapkan-gerakan-besar-menuju-kota-bersih/,2026-06-15
"Dengan lingkungan yang bersih dan tertata, Kota Jambi diyakini akan semakin menarik bagi investor, mendorong pertumbuhan usaha, meningkatkan pendapatan masyarakat, serta menciptakan lapangan kerja baru di berbagai sektor.",tak jelas,https://amuranews.id/revolusi-sampah-kota-jambi-dimulai-maulana-diza-siapkan-gerakan-besar-menuju-kota-bersih/,2026-06-15
"Sebab bagi Maulana-Diza, mewujudkan Kota Jambi yang bersih bukan sekadar urusan mengangkut sampah, melainkan membangun masa depan kota yang lebih maju, sehat, produktif, dan sejahtera bagi seluruh masyarakat.",tak jelas,https://amuranews.id/revolusi-sampah-kota-jambi-dimulai-maulana-diza-siapkan-gerakan-besar-menuju-kota-bersih/,2026-06-15
"Sani mengungkapkan, terkait efektivitas pemanfaatan dana penanggulangan Pandemi Covid-19 pada Dinas Kesehatan, anggaran tersebut pada dasarnya mengarah pada beberapa kegiatan strategis yang antara lain adalah melaksanakan testing, tracing dan treatment yang meliputi penyediaan sarana dan prasarana kesehatan, biaya perawatan pasien, operasional penyelenggaraan baik untuk tenaga kesehatan maupun pemulasaran jenazah, dimana Dinas Kesehatan Provinsi Jambi sebagai leading sector.",tak jelas,https://aksara24.id/2022/04/01/sani-tegaskan-komitmen-pemerintah-sejahterakan-masyarakat/,2026-06-16
"Terkait dengan pertanyaan fraksi PPP–Berkarya tentang langkah atau upaya strategis untuk mengintegrasikan masyarakat tidak mampu kedalam Program Jaminan Kesehatan Nasional (JKN), Pemerintah Provinsi Jambi telah melaksanakan sosialisasi terhadap pengelola jaminan Kesehatan di seluruh wilayah Provinsi Jambi dan melaksanakan rapat koordinasi lintas sektoral secara periodik melaksanakan dukungan jaminan kesehatan bagi masyarakat kurang mampu yang dirujuk ke Rumah Sakit Pemerintah.",tak jelas,https://aksara24.id/2022/04/01/sani-tegaskan-komitmen-pemerintah-sejahterakan-masyarakat/,2026-06-16
"“Kedua pelaku diamankan warga disemak-semak Jalan Rawa Indah dan diserahkan ke polisi,” pungkas keterangan video.",tak jelas,https://aksara24.id/2022/06/04/aksi-heroik-jukir-lumpuhkan-dua-jambret-hanya-dengan-satu-tendangan/,2026-06-16
"Tidak hanya itu, berbagai kegiatan sosial juga dilaksanakan sebagai bentuk kepedulian sosial LAM Provinsi Jambi kepada masyarakat, di antaranya pembagian 1.000 paket sembako, donor darah, pelayanan pengobatan gratis, serta berbagai kegiatan keagamaan.",tak jelas,https://aksesjambi.com/news/16/06/2026/puncak-hari-adat-melayu-jambi-al-haris-ajak-masyarakat-jaga-identitas-melayu/,2026-06-16
"Pemerintah Provinsi Jambi bersama Lembaga Adat Melayu Provinsi Jambi berkomitmen untuk terus bersinergi dalam menjaga, melestarikan, dan mengembangkan adat Melayu Jambi agar tetap hidup, berkembang, dan menjadi identitas yang membanggakan bagi masyarakat Jambi di tengah arus globalisasi dan perkembangan zaman.",tak jelas,https://aksesjambi.com/news/16/06/2026/puncak-hari-adat-melayu-jambi-al-haris-ajak-masyarakat-jaga-identitas-melayu/,2026-06-16
"Semoga layanan ini membawa kemudahan bagi masyarakat, mempercepat pertumbuhan ekonomi lokal, dan membantu mewujudkan Jambi yang lebih seimbang dan maju,” pungkasnya.",tak jelas,https://aksesjambi.com/news/15/06/2026/batik-air-resmi-layani-rute-jakarta-muara-bungo-al-haris-kunci-pemerataan-pembangunan/,2026-06-16
"Dengan teknologi yang terus berkembang serta dukungan layanan Honda yang luas, motor listrik Honda diharapkan dapat menjadi bagian dari solusi mobilitas masa kini bagi masyarakat Jambi.",tak jelas,https://aksesjambi.com/news/15/06/2026/motor-listrik-honda-kini-mulai-rp15-jutaan-sudah-termasuk-baterai-charger/,2026-06-16
"Penandatanganan ini menjadi bentuk komitmen kedua belah pihak dalam memperkuat pelaksanaan program-program pendidikan, penelitian, dan pengabdian kepada masyarakat yang memberikan dampak nyata bagi dunia pendidikan di Provinsi Jambi.",tak jelas,https://aksesjambi.com/news/15/06/2026/mahasiswa-s3-unja-gagas-inovasi-entrepreneur-untuk-angkat-potensi-candi-muaro-jambi/,2026-06-16
"Oleh karena itu, hilirisasi hasil pembelajaran dan penelitian perlu terus didorong agar dapat memberikan manfaat yang lebih luas bagi masyarakat dan dunia pendidikan.",tak jelas,https://aksesjambi.com/news/15/06/2026/mahasiswa-s3-unja-gagas-inovasi-entrepreneur-untuk-angkat-potensi-candi-muaro-jambi/,2026-06-16
"Ke depan, Dinas Pendidikan Provinsi Jambi akan terus mendorong terjalinnya kerja sama dengan berbagai institusi pendidikan dan lembaga terkait guna menciptakan ekosistem pendidikan yang adaptif terhadap perkembangan zaman, sekaligus tetap berakar pada nilai-nilai budaya dan kearifan lokal yang menjadi identitas masyarakat Jambi.",tak jelas,https://aksesjambi.com/news/15/06/2026/mahasiswa-s3-unja-gagas-inovasi-entrepreneur-untuk-angkat-potensi-candi-muaro-jambi/,2026-06-16
"Sinergi antara TNI, pemerintah, lembaga adat, dan masyarakat diharapkan mampu menjaga nilai-nilai luhur budaya agar tetap hidup, berkembang, serta menjadi perekat persatuan menuju Jambi dan Indonesia yang semakin kuat.",tak jelas,https://amuranews.id/gema-adat-melayu-jambi-menggema-kasrem-042-gapu-hadiri-peringatan-hari-adat-perkuat-persatuan-dan-jati-diri-daerah/,2026-06-16
"Namun di sisi lain, masyarakat terus disuguhi berita tentang korupsi, penyalahgunaan jabatan, permainan anggaran, hingga berbagai kebijakan yang sering kali terasa jauh dari denyut nadi kehidupan rakyat kecil.",tak jelas,https://amuranews.id/demo-mahasiswa-di-berbagai-kota-ketika-kekecewaan-rakyat-tak-lagi-mampu-dibungkam/,2026-06-16
"Hampir setiap pekan masyarakat membaca berita tentang penyalahgunaan anggaran negara, suap proyek, jual beli jabatan, manipulasi pengadaan barang dan jasa, hingga berbagai bentuk kejahatan yang dilakukan oleh mereka yang seharusnya menjadi pelayan rakyat.",tak jelas,https://amuranews.id/demo-mahasiswa-di-berbagai-kota-ketika-kekecewaan-rakyat-tak-lagi-mampu-dibungkam/,2026-06-16
"Uang yang seharusnya digunakan untuk membangun sekolah, memperbaiki rumah sakit, membuka lapangan pekerjaan, membantu petani, nelayan, dan masyarakat miskin, justru mengalir ke kantong-kantong pribadi para pelaku korupsi.",tak jelas,https://amuranews.id/demo-mahasiswa-di-berbagai-kota-ketika-kekecewaan-rakyat-tak-lagi-mampu-dibungkam/,2026-06-16
"Dalam situasi seperti ini, muncul pula kekhawatiran masyarakat terhadap berbagai program strategis yang menggunakan anggaran sangat besar.",tak jelas,https://amuranews.id/demo-mahasiswa-di-berbagai-kota-ketika-kekecewaan-rakyat-tak-lagi-mampu-dibungkam/,2026-06-16
"Ketika mahasiswa berteriak tentang korupsi, ketidakadilan, dan kebijakan yang dianggap tidak berpihak kepada rakyat, sesungguhnya mereka sedang menyuarakan kegelisahan yang hidup di tengah masyarakat.",tak jelas,https://amuranews.id/demo-mahasiswa-di-berbagai-kota-ketika-kekecewaan-rakyat-tak-lagi-mampu-dibungkam/,2026-06-16
Korupsi sudah terlalu sering terjadi hingga sebagian masyarakat nyaris kebal mendengarnya.,tak jelas,https://amuranews.id/demo-mahasiswa-di-berbagai-kota-ketika-kekecewaan-rakyat-tak-lagi-mampu-dibungkam/,2026-06-16
"Momentum Hari Bhayangkara ke-80 ini juga menjadi bukti komitmen Polda Jambi dalam terus memperkuat kolaborasi dengan seluruh elemen bangsa, mulai dari pemerintah, TNI, komunitas olahraga, hingga masyarakat luas demi mewujudkan situasi kamtibmas yang aman, damai, dan kondusif di Provinsi Jambi.",tak jelas,https://amuranews.id/bola-pertama-dipecahkan-kapolda-turnamen-biliar-kapolda-cup-2026-jadi-arena-soliditas-tni-polri-sambut-hari-bhayangkara-ke-80/,2026-06-16
"Dengan semangat baru, diharapkan Polda Jambi dapat terus meningkatkan kinerja dan memberikan pelayanan terbaik bagi masyarakat.",tak jelas,https://amuranews.id/irjen-pol-krisno-halomoan-siregar-s-i-k-m-h-resmi-jabat-kapolda-jambi/,2026-06-16
"Berikut ini adalah informasi penting yang perlu pengguna jalan ketahui:
Rute Penutupan Jalan
– Beberapa titik jalan akan ditutup sementara, termasuk rute yang melintasi Jalan Teuku Umar, Diponegoro, Hasanudin, Bukit Tunggal, Nusa Kambangan, dan Imam Bonjol Denpasar.",tak jelas,https://amuranews.id/presisi-merdeka-run-2025-jambi-polresta-jambi-lakukan-penutupan-sementara-beberapa-jalan/,2026-06-16
– Penutupan jalan ini dilakukan untuk memastikan keamanan dan kenyamanan peserta serta pengguna jalan lainnya.,tak jelas,https://amuranews.id/presisi-merdeka-run-2025-jambi-polresta-jambi-lakukan-penutupan-sementara-beberapa-jalan/,2026-06-16
– Arus lalu lintas akan dialihkan ke jalan alternatif untuk memastikan keamanan dan kenyamanan peserta serta pengguna jalan lainnya.,tak jelas,https://amuranews.id/presisi-merdeka-run-2025-jambi-polresta-jambi-lakukan-penutupan-sementara-beberapa-jalan/,2026-06-16
"Dampak Penutupan Jalan
Atas rangka giat Presisi Merdeka Run 2025 penutupan jalan ini sehingga menyebabkan kemacetan di beberapa titik, oleh karena itu, Polresta Jambi menyarankan agar masyarakat dapat untuk merencanakan perjalanan dengan baik dan menghindari jalur yang terdampak penutupan jalan tersebut,” Ujar Kasat Lantas.",tak jelas,https://amuranews.id/presisi-merdeka-run-2025-jambi-polresta-jambi-lakukan-penutupan-sementara-beberapa-jalan/,2026-06-16
"Kapilresta Jambi Kombes Pol Boy Sutan Binanga Siregar, SIK, MH, bersama Kasat Lantas Polresta Jambi AKP Hadi Siswanto, SIK, MH memohon maaf atas penutupan beberapa ruas jalan di kota Jambi, “Kami berharap masyarakat dapat memahami dan mematuhi penutupan jalan sementara ini.",tak jelas,https://amuranews.id/presisi-merdeka-run-2025-jambi-polresta-jambi-lakukan-penutupan-sementara-beberapa-jalan/,2026-06-16
"“Kami ingin pemerintah kota ke depan melibatkan seluruh lapisan masyarakat, termasuk perangkat kelurahan dan kecamatan, untuk bersama-sama menangani persoalan ini,” tambahnya.",kota,https://amuranews.id/anggota-dewan-komisi-iii-soroti-tumpukan-sampah-di-kota-jambi/,2026-06-16
Sejumlah warga mengeluhkan tumpukan sampah yang mengganggu aktivitas sehari-hari.,tak jelas,https://amuranews.id/anggota-dewan-komisi-iii-soroti-tumpukan-sampah-di-kota-jambi/,2026-06-16
"DLH Kota Jambi diharapkan segera mengambil langkah tegas dan inovatif, baik melalui pengelolaan sampah yang lebih modern maupun dengan meningkatkan kesadaran masyarakat untuk tidak membuang sampah sembarangan.",tak jelas,https://amuranews.id/anggota-dewan-komisi-iii-soroti-tumpukan-sampah-di-kota-jambi/,2026-06-16
"“Situasi banjir di Jambi masih merata, dan berdasarkan peninjauan di Kota Jambi kemarin, ketinggian air masih signifikan serta sejumlah rumah warga masih terendam.",tak jelas,https://amuranews.id/gubernur-al-haris-pastikan-kebutuhan-korban-banjir-terpenuhi/,2026-06-16
"Lebih lanjut, evakuasi warga ke Sekolah Dasar atau tenda darurat harus segera dilakukan jika ketinggian air terus meningkat guna memastikan keselamatan mereka.",tak jelas,https://amuranews.id/gubernur-al-haris-pastikan-kebutuhan-korban-banjir-terpenuhi/,2026-06-16
“Kami meninjau langsung kondisi warga yang terdampak banjir.,tak jelas,https://amuranews.id/gubernur-al-haris-pastikan-kebutuhan-korban-banjir-terpenuhi/,2026-06-16
"Laporan warga mengindikasikan bahwa terdapat banyak rumah terendam dan mengalami kerusakan akibat banjir,” katanya.",tak jelas,https://amuranews.id/gubernur-al-haris-pastikan-kebutuhan-korban-banjir-terpenuhi/,2026-06-16
"Bhayangkara Presisi Job Fair diharapkan menjadi jembatan yang mempertemukan para pencari kerja dengan dunia usaha secara langsung, sekaligus membuka peluang baru bagi masyarakat untuk meningkatkan kesejahteraan dan kualitas hidup.",tak jelas,https://amuranews.id/spektakuler-hari-bhayangkara-ke-80-polda-jambi-hadirkan-1-000-lowongan-kerja/,2026-06-16
AMURANEWS.id | Komitmen mewujudkan lingkungan yang bersih dan nyaman terus ditunjukkan masyarakat Kota Jambi.,tak jelas,https://amuranews.id/tps-sungai-putri-dibongkar-jambi-bersinar/,2026-06-16
Kegiatan yang turut dihadiri Lurah Sungai Putri tersebut menjadi bukti nyata sinergi antara masyarakat dan pemerintah dalam menjaga kebersihan lingkungan.,tak jelas,https://amuranews.id/tps-sungai-putri-dibongkar-jambi-bersinar/,2026-06-16
"Pembongkaran TPS dilakukan sebagai langkah menciptakan kawasan yang lebih bersih, sehat, dan tertata, sekaligus menumbuhkan kesadaran masyarakat akan pentingnya menjaga kebersihan lingkungan.",tak jelas,https://amuranews.id/tps-sungai-putri-dibongkar-jambi-bersinar/,2026-06-16
"Jika lingkungan bersih, masyarakat sehat, dan Kota Jambi akan semakin indah serta layak menjadi kota yang maju,” ujarnya.",tak jelas,https://amuranews.id/tps-sungai-putri-dibongkar-jambi-bersinar/,2026-06-16
"Menurutnya, kegiatan pembongkaran TPS tersebut merupakan cerminan nyata kepedulian masyarakat terhadap lingkungan sekaligus bukti kuat bahwa budaya gotong royong masih hidup dan menjadi kekuatan utama dalam menyelesaikan berbagai persoalan di tengah masyarakat.",tak jelas,https://amuranews.id/tps-sungai-putri-dibongkar-jambi-bersinar/,2026-06-16
"Ferdinand menilai, keterlibatan aktif warga, perangkat kelurahan, tokoh masyarakat, serta unsur keamanan dalam kegiatan tersebut menunjukkan adanya kesamaan visi untuk menciptakan lingkungan yang bersih, sehat, dan nyaman bagi seluruh masyarakat.",kota,https://amuranews.id/tps-sungai-putri-dibongkar-jambi-bersinar/,2026-06-16
"Ini adalah contoh positif yang patut diteladani karena menunjukkan bahwa ketika masyarakat dan pemerintah berjalan bersama, berbagai persoalan lingkungan dapat diselesaikan dengan baik.",tak jelas,https://amuranews.id/tps-sungai-putri-dibongkar-jambi-bersinar/,2026-06-16
"Kebersihan bukan hanya tanggung jawab pemerintah, tetapi menjadi tanggung jawab seluruh elemen masyarakat,” ujar Ferdinand.",tak jelas,https://amuranews.id/tps-sungai-putri-dibongkar-jambi-bersinar/,2026-06-16
Ia berharap semangat kebersamaan dan kepedulian terhadap lingkungan yang ditunjukkan warga Sungai Putri dapat terus dipertahankan dan menjadi inspirasi bagi wilayah lain di Kecamatan Danau Sipin maupun Kota Jambi secara umum.,tak jelas,https://amuranews.id/tps-sungai-putri-dibongkar-jambi-bersinar/,2026-06-16
"“Kemajuan sebuah daerah tidak hanya ditentukan oleh pembangunan fisik dan infrastruktur, tetapi juga oleh kesadaran masyarakat dalam menjaga lingkungannya.",tak jelas,https://amuranews.id/tps-sungai-putri-dibongkar-jambi-bersinar/,2026-06-16
"Kegiatan ini tidak hanya menghadirkan perubahan fisik pada lingkungan, tetapi juga menjadi simbol kuatnya kepedulian masyarakat terhadap masa depan Kota Jambi.",tak jelas,https://amuranews.id/tps-sungai-putri-dibongkar-jambi-bersinar/,2026-06-16
"Memasuki musim kemarau, kewaspadaan harus ditingkatkan karena bencana asap bukan hanya merusak lingkungan, tetapi juga melumpuhkan aktivitas masyarakat, mengganggu kesehatan, pendidikan, transportasi, hingga perekonomian daerah.",tak jelas,https://amuranews.id/jambi-siaga-karhutla-kapolda-pembakar-hutan-jangan-berharap-ampun/,2026-06-16
"Forum ini menjadi sinyal kuat bahwa perang melawan Karhutla tidak bisa dilakukan sendiri-sendiri, melainkan membutuhkan kekuatan bersama antara pemerintah, aparat penegak hukum, kampus, dunia usaha, dan masyarakat.",tak jelas,https://amuranews.id/jambi-siaga-karhutla-kapolda-pembakar-hutan-jangan-berharap-ampun/,2026-06-16
"Karena itu, pemerintah terus mendorong program Pembukaan Lahan Tanpa Bakar (PLTB) sebagai solusi yang lebih aman dan berkelanjutan bagi masyarakat.",tak jelas,https://amuranews.id/jambi-siaga-karhutla-kapolda-pembakar-hutan-jangan-berharap-ampun/,2026-06-16
"Ketika api lepas kendali, yang menanggung dampaknya bukan hanya pelaku, tetapi jutaan masyarakat yang harus menghirup asap dan menanggung kerusakan lingkungan dalam jangka panjang.",tak jelas,https://amuranews.id/jambi-siaga-karhutla-kapolda-pembakar-hutan-jangan-berharap-ampun/,2026-06-16
"RKS Siap Mengawal Aspirasi hingga Tingkat Pembahasan Kebijakan
Di hadapan puluhan warga Legok Sungai Putri, RKS menyampaikan bahwa setiap aspirasi yang masuk tidak hanya dicatat, tetapi akan dikawal secara langsung hingga tahap pembahasan anggaran dan realisasi program.",tak jelas,https://amuranews.id/rusli-kamal-siregar-gelar-reses-tegaskan-siap-mengawal-aspirasi-warga-tanpa-kompromi/,2026-06-16
"Menurut RKS, berbagai usulan yang muncul dari warga Sungai Putri—mulai dari pembenahan infrastruktur, drainase, fasilitas ibadah, hingga pemberdayaan UMKM—akan diprioritaskan dalam rapat komisi maupun komunikasi dengan OPD terkait.",tak jelas,https://amuranews.id/rusli-kamal-siregar-gelar-reses-tegaskan-siap-mengawal-aspirasi-warga-tanpa-kompromi/,2026-06-16
Ia menyampaikan bahwa UMKM merupakan penggerak ekonomi masyarakat yang mampu bertahan di tengah keterbatasan anggaran pemerintah.,tak jelas,https://amuranews.id/rusli-kamal-siregar-gelar-reses-tegaskan-siap-mengawal-aspirasi-warga-tanpa-kompromi/,2026-06-16
Ia mengapresiasi kehadiran RKS yang dinilai konsisten membuka ruang dialog dan menyerap aspirasi masyarakat.,tak jelas,https://amuranews.id/rusli-kamal-siregar-gelar-reses-tegaskan-siap-mengawal-aspirasi-warga-tanpa-kompromi/,2026-06-16
"Reses Berlangsung Hangat dan Penuh Aspirasi
Masyarakat Legok Sungai Putri menyambut antusias kehadiran RKS.",tak jelas,https://amuranews.id/rusli-kamal-siregar-gelar-reses-tegaskan-siap-mengawal-aspirasi-warga-tanpa-kompromi/,2026-06-16
"“Kita juga mengingatkan agar para pelajar di SMA Negeri 1, tidak terlibat dalam Aksi Geng Motor, perkelahian, tawuran, begal, balap liar serta ugal-ugalan dalam berkendara yang sering meresahkan masyarakat, dan selalu bijak dalam menggunakan media sosial (Medsos) serta menghindari tindakan yang dapat merusak serta merugikan masa depan dari pelajar ataupun remaja itu sendiri”, ucapnya.",provinsi,https://amuranews.id/antisipasi-kenakalan-remaja-kapolresta-jambi-gelar-sosialisasi-dan-tatap-muka-di-sma-negeri-1/,2026-06-16
"“Karena Kolaborasi antara orang tua, guru, dan masyarakat sangat diperlukan untuk mencegah serta mengantisipasi Aksi kenakalan remaja, sekaligus memantau perkembangan dari para pelajar”, terang Kapolresta Jambi Kombes Pol Boy Sutan Binanga Siregar.",tak jelas,https://amuranews.id/antisipasi-kenakalan-remaja-kapolresta-jambi-gelar-sosialisasi-dan-tatap-muka-di-sma-negeri-1/,2026-06-16
Mantan Menteri Pendidikan dan Kebudayaan ini mengaku ingin memeriksa langsung kondisi warga yang dilanda banjir di kelurahan itu.,kota,https://amuranews.id/rawa-terate-rutin-banjir-anies-bakal-cek-pabrik-sekitar/,2026-06-16
"“Menyusuri jalan-jalan yang terendam air dan bertemu Iangsung dengan warga dan para pengurus RT/RW,” kata Anies dikutip dari akun instagram @aniesbaswedan Kamis 15 Februari 2018.",tak jelas,https://amuranews.id/rawa-terate-rutin-banjir-anies-bakal-cek-pabrik-sekitar/,2026-06-16
"Bahkan, warga memasang alat pengukur kedalaman air yaitu mistar di jalan dan di kawasan tersebut.",tak jelas,https://amuranews.id/rawa-terate-rutin-banjir-anies-bakal-cek-pabrik-sekitar/,2026-06-16
Bahwa bantuan yang bersumber dari Dinas Ketahanan Pangan Provinsi Jambi tersebut merupakan wujud kepedulian dan amanah pemerintah provinsi kepada masyarakat terdampak.,tak jelas,https://www.angsoduo.net/2026/06/ringankan-beban-korban-bencana-gubernur-al-haris-salurkan-10-189-ton-beras-cadangan,2026-06-16
"Pihaknya mengingatkan agar setiap pengguna jalan raya saling menghormati, mematuhi aturan lalu lintas, dan memperhatikan keselamatan sesama.",tak jelas,https://aksara24.id/2023/10/27/jasa-raharja-cabang-jambi-sampaikan-santunan-korban-kecelakaan-di-jalan-lintas-timur-km-296/,2026-06-16
"Namun, peran aktif dan kesadaran masyarakat sangat diperlukan agar setiap perjalanan di jalan raya berlangsung dengan aman dan nyaman.",tak jelas,https://aksara24.id/2023/10/27/jasa-raharja-cabang-jambi-sampaikan-santunan-korban-kecelakaan-di-jalan-lintas-timur-km-296/,2026-06-16
"Mari kita bersatu dalam membangun fundamental yang kuat agar mampu memberikan pelayanan yang optimal bagi masyarakat,” imbuh Wamen BUMN.",tak jelas,https://aksara24.id/2025/01/10/wamen-bumn-puji-kolaborasi-tim-pembina-samsat-nasional-dalam-meningkatkan-kepatuhan-pajak-kendaraan/,2026-06-16
"Menurutnya, kerja sama Jasa Raharja dengan Kementerian Pendidikan dalam mengedukasi masyarakat serta kolaborasi dengan Korlantas Polri untuk mengantisipasi potensi kecelakaan menjadi langkah strategis yang patut diapresiasi.",tak jelas,https://aksara24.id/2025/01/10/wamen-bumn-puji-kolaborasi-tim-pembina-samsat-nasional-dalam-meningkatkan-kepatuhan-pajak-kendaraan/,2026-06-16
"Di sisi lain, pelayanan penyelesaian sengketa informasi publik kepada masyarakat harus tetap berjalan dan tidak boleh terhenti.",tak jelas,https://aksesjambi.com/news/10/06/2026/soal-seleksi-komisioner-baru-ketua-ki-jambi-kami-hormati-proses-yang-dijalankan-pemprov/,2026-06-16
"Dengan demikian, masyarakat tetap mendapatkan akses dan perlindungan atas hak memperoleh informasi publik secara berkesinambungan hingga komisioner periode berikutnya ditetapkan,” katanya.",tak jelas,https://aksesjambi.com/news/10/06/2026/soal-seleksi-komisioner-baru-ketua-ki-jambi-kami-hormati-proses-yang-dijalankan-pemprov/,2026-06-16
"Ia juga memastikan seluruh layanan Komisi Informasi Provinsi Jambi tetap berjalan sebagaimana mestinya selama masa perpanjangan jabatan tersebut, sehingga masyarakat maupun badan publik tetap dapat memperoleh pelayanan secara optimal.",tak jelas,https://aksesjambi.com/news/10/06/2026/soal-seleksi-komisioner-baru-ketua-ki-jambi-kami-hormati-proses-yang-dijalankan-pemprov/,2026-06-16
"“Komisi Informasi Provinsi Jambi tetap berkomitmen menjalankan tugas dan kewenangannya dalam mengawal keterbukaan informasi publik serta memberikan pelayanan terbaik kepada masyarakat,” tutup Taufiq.",tak jelas,https://aksesjambi.com/news/10/06/2026/soal-seleksi-komisioner-baru-ketua-ki-jambi-kami-hormati-proses-yang-dijalankan-pemprov/,2026-06-16
“Saya berharap momentum peringatan hari jadi ketiga institusi tersebut dapat menjadi penyemangat untuk terus meningkatkan kualitas pelayanan kepada masyarakat.,tak jelas,https://www.angsoduo.net/2026/06/pimpin-upacara-hut-damkar-ke-107-satpol-pp-ke-76-dan-satlinmas-ke-64-gubernur-al-haris-momentum-meningkatkan-pelayanan-kepada-masyarakat,2026-06-16
"Dalam regulasi tersebut dijelaskan bahwa pemerintah daerah dapat memberikan hibah kepada instansi vertikal seperti Kepolisian, Kejaksaan, maupun lembaga pemerintah pusat lainnya yang berada di daerah guna menunjang pelayanan publik dan fasilitas umum bagi masyarakat.",tak jelas,https://www.angsoduo.net/2026/06/hibah-untuk-instansi-vertikal-tak-langgar-aturan-pemprov-jambi-beberkan-dasar-hukumnya,2026-06-16
Langkah tersebut merupakan bentuk komitmen Pemprov Jambi dalam memperkuat sinergi dengan berbagai instansi vertikal guna meningkatkan pelayanan kepada masyarakat serta mendukung pembangunan daerah.,provinsi,https://www.angsoduo.net/2026/06/hibah-untuk-instansi-vertikal-tak-langgar-aturan-pemprov-jambi-beberkan-dasar-hukumnya,2026-06-16
"Kerjasama atau kolaborasi yang diharapkan meliputi penelitian, pendidikan serta pengabdian kepada masyarakat sebagai upaya mendukung swasembada pangan Presiden Prabowo Subianto.",tak jelas,https://www.angsoduo.net/2026/06/universitas-jambi-jajaki-kerjasama-agroindustri-dengan-ptpn-iv-regional-iv,2026-06-16
"“Harapan kami dengan adanya Perda Pengelolaan Sumber Daya Air ini, dapat menjadi pedoman dalam upaya perencanaan, konservasi, pendayagunaan, pengendalian daya rusak air, hingga perizinan dan peran serta masyarakat untuk menjamin kelestarian dan pemanfaatan air secara berkelanjutan,” ucapnya.",tak jelas,https://www.angsoduo.net/2026/06/wagub-sani-5-ranperda-inisiatif-dprd-beri-manfaat-positif-dan-dorong-kelancaran-penyelenggaraan-pemerintahan,2026-06-16
Ia memberi pesan khusus kepada para kepala daerah agar setiap kebijakan publik berlandaskan keadilan sosial dan menjaga hak-hak masyarakat kecil agar tidak ada yang tertinggal.,tak jelas,https://www.angsoduo.net/2026/06/gubernur-al-haris-ikuti-upacara-peringatan-hari-lahir-pancasila-2026-ajak-asn-dan-generasi-muda-hidupkan-nilai-pancasila,2026-06-16
"Sudirman , SH, MH, Forkopimda Provinsi Jambi , unsur TNI/Polri, kepala OPD, ASN, serta perwakilan organisasi masyarakat dan pelajar.",tak jelas,https://www.angsoduo.net/2026/06/gubernur-al-haris-ikuti-upacara-peringatan-hari-lahir-pancasila-2026-ajak-asn-dan-generasi-muda-hidupkan-nilai-pancasila,2026-06-16
"Dikatakan Edi, kegiatan itu dapat membantu Pemerintah dalam upaya meningkatkan pelayanan kepada masyarakat.",tak jelas,https://aksara24.id/2022/09/14/ketua-dprd-provinsi-jambi-apresiasi-pelaksanaan-regsosek-oleh-bps/,2026-06-17
"“Terimakasih kepada teman-teman BPS yang mencoba memberikan inovasi-inovasi kepada kita untuk supaya pelayanan kita semakin prima di masyarakat dan anggaran tepat guna dan tetap tepat sasaran,” kata Edi Purwanto.",tak jelas,https://aksara24.id/2022/09/14/ketua-dprd-provinsi-jambi-apresiasi-pelaksanaan-regsosek-oleh-bps/,2026-06-17
"Menurut Ariansyah, untuk mengantisipasi maraknya judol ini Pemerintah Provinsi Jambi juga telah mengambil langkah-langkah maupun kebijakan-kebijakan, diantaranya memblokir situs-situs judi online, menyebarkan himbauan kepada masyarakat luas melalui surat edaran, sosialisasi melalui media baliho, spanduk dan brosur, media sosial, videotron dan juga melalui dialog TVRI.",tak jelas,https://www.angsoduo.net/2026/06/di-hadapan-ratusan-mahasiswa-uin-ariansyah-tegaskan-bahaya-laten-judi-online,2026-06-17
"Penghargaan tersebut menjadi bukti nyata komitmen Dukcapil Kota Jambi dalam memberikan pelayanan administrasi kependudukan yang profesional, inovatif, serta berintegritas kepada masyarakat.",tak jelas,https://awasi.id/read/2026/06/17/6091/dukcapil-kota-jambi-borong-penghargaan-nasional-raih-dukcapil-prima-award-dan-predikat-pelayanan-prima/,2026-06-17
“Penghargaan ini merupakan motivasi bagi kami untuk terus berinovasi dan meningkatkan kualitas pelayanan kepada masyarakat.,tak jelas,https://awasi.id/read/2026/06/17/6091/dukcapil-kota-jambi-borong-penghargaan-nasional-raih-dukcapil-prima-award-dan-predikat-pelayanan-prima/,2026-06-17
"Dengan pencapaian tersebut, Dukcapil Kota Jambi diharapkan terus menjadi contoh dalam penyelenggaraan pelayanan publik yang cepat, transparan, akuntabel, dan berorientasi pada kepuasan masyarakat.",tak jelas,https://awasi.id/read/2026/06/17/6091/dukcapil-kota-jambi-borong-penghargaan-nasional-raih-dukcapil-prima-award-dan-predikat-pelayanan-prima/,2026-06-17
"Erlan Munaji mengatakan bahwa berbagai kegiatan yang digelar dalam rangka Hari Bhayangkara ke-80 tidak hanya berfokus pada pelayanan dan bakti sosial kepada masyarakat, tetapi juga pada pembinaan mental, fisik, serta penguatan soliditas internal dan sinergitas antarinstansi.",tak jelas,https://awasi.id/read/2026/06/15/6079/kapolda-jambi-cup-billiard-tournament-2026-resmi-dibuka-perkuat-sinergitas-tni-polri-dan-sportivitas/,2026-06-17
"Melalui rangkaian kegiatan Iduladha ini, Lapas Kelas IIA Jambi berharap semangat pengorbanan dan kepedulian sosial dapat terus tertanam dalam diri seluruh warga binaan maupun petugas, sehingga mampu menciptakan lingkungan pemasyarakatan yang harmonis, religius, dan berorientasi pada pembinaan yang humanis.",tak jelas,https://awasi.id/read/2026/05/27/5817/lapas-jambi-maknai-iduladha-sebagai-momentum-pembinaan-dan-kepedulian-sosial/,2026-06-17
"Menurutnya, hal tersebut menunjukkan kurangnya respons terhadap aspirasi masyarakat yang ingin disampaikan secara terbuka dan konstitusional.",tak jelas,https://awasi.id/read/2026/04/11/5286/aspirasi-tak-tersampaikan-awasi-jambi-rencanakan-aksi-lanjutan-dengan-massa-lebih-besar/,2026-06-17
“Hari ini kita menyerahkan beras cadangan pangan pemerintah daerah kepada masyarakat yang terdampak bencana banjir di Sarolangun.,tak jelas,https://aksatanews.com/gubernur-al-haris-serahkan-10189-kg-beras-untuk-korban-pasca-bencana-banjir-di-sarolangun,2026-06-18
Bantuan itu akan diberikan kepada warga terdampak banjir di empat kecamatan dengan jumlah penerima sekitar 6.000 jiwa.,tak jelas,https://aksatanews.com/gubernur-al-haris-serahkan-10189-kg-beras-untuk-korban-pasca-bencana-banjir-di-sarolangun,2026-06-18
"Al Haris mengatakan pencegahan karhutla selama ini kerap dianggap hanya menjadi tugas Satgas Karhutla, Manggala Agni, Masyarakat Peduli Api, TNI, Polri, dan pemerintah daerah.",tak jelas,https://aksatanews.com/kuliah-umum-di-unja-gubernur-al-haris-ajak-mahasiswa-jadi-agen-pencegah-karhutla,2026-06-18
"Belum lagi kesehatan masyarakat terganggu, sekolah dihentikan sementara, dan transportasi terganggu,"" katanya.",tak jelas,https://aksatanews.com/kuliah-umum-di-unja-gubernur-al-haris-ajak-mahasiswa-jadi-agen-pencegah-karhutla,2026-06-18
"Menurutnya, mahasiswa dapat menjadi jembatan edukasi antara pemerintah dan masyarakat.",tak jelas,https://aksatanews.com/kuliah-umum-di-unja-gubernur-al-haris-ajak-mahasiswa-jadi-agen-pencegah-karhutla,2026-06-18
Masyarakat berharap Dinas Pendidikan Kota Batam dapat melakukan verifikasi secara menyeluruh serta menyampaikan hasilnya secara transparan kepada publik.,tak jelas,https://awasi.id/read/2026/06/17/6096/rdp-komisi-iv-ungkap-kb-djuwita-prakarsa-belum-memiliki-npsn-publik-pertanyakan-tata-kelola-pendidikan/,2026-06-18
"“Kami ingin program CSR perusahaan bisa sejalan dengan kebijakan pemerintah daerah, sehingga manfaatnya benar-benar dirasakan masyarakat,” tuturnya.",tak jelas,https://aksara24.id/2025/04/14/fadhil-arief-minta-perusahaan-csr-selaras-dengan-program-batanghari-super-tangguh/,2026-06-19
"Feri mengungkapkan, karhutla tidak hanya merusak lingkungan, tetapi juga mengancam kesehatan dan keselamatan masyarakat.",tak jelas,https://aksara24.id/2024/08/29/karhutla-di-tanjab-barat-jadi-atensi-ditreskrimsus-polda-jambi-cek-koordinat-dan-sampel-tanah-di-lokasi/,2026-06-19
"Dengan adanya GERAK Syariah 2025, OJK berharap semakin banyak masyarakat yang memahami serta memanfaatkan layanan keuangan syariah demi kesejahteraan bersama.",tak jelas,https://aksara24.id/2025/02/24/kolaborasi-ojk-dan-stakeholder-untuk-keuangan-syariah-yang-lebih-inklusif/,2026-06-19
"Menurut peraturan pemerintah, solar subsidi hanya boleh dipakai oleh kendaraan dan sektor tertentu yang memang butuh bantuan, seperti angkutan umum, usaha kecil, dan masyarakat kecil.",tak jelas,https://awasi.id/read/2024/11/14/2397/truk-tambang-dan-perkebunan-borong-solar-subsidi-di-spbu-pal-10-warga-merasa-dirugikan/,2026-06-19
Masyarakat berharap pemerintah dan pengelola SPBU bisa lebih selektif dalam menyalurkan BBM subsidi agar tidak salah sasaran.,tak jelas,https://awasi.id/read/2024/11/14/2397/truk-tambang-dan-perkebunan-borong-solar-subsidi-di-spbu-pal-10-warga-merasa-dirugikan/,2026-06-19
"Tanpa pengelolaan yang tepat, lonjakan sampah ini berpotensi menimbulkan berbagai permasalahan lingkungan, seperti pencemaran udara, air, dan tanah, yang berdampak langsung terhadap kesehatan masyarakat serta berkontribusi terhadap isu lingkungan secara global.",tak jelas,https://aksara24.id/2025/03/06/jumlah-sampah-meningkat-pemkab-muaro-jambi-perkuat-koordinasi-pengelolaan-limbah/,2026-06-20
Pemerintah Kabupaten Muaro Jambi berkomitmen untuk mempercepat langkah-langkah konkret dalam penanganan sampah guna menciptakan lingkungan yang bersih dan sehat bagi masyarakat.,tak jelas,https://aksara24.id/2025/03/06/jumlah-sampah-meningkat-pemkab-muaro-jambi-perkuat-koordinasi-pengelolaan-limbah/,2026-06-20
"Aksara24.id – Krisis pasokan gas subsidi LPG 3 Kg yang berkepanjangan di Desa Koto Kandis Dendang, Kabupaten Tanjung Jabung Timur menjadi keluhan dan keprihatinan dari warga setempat.",tak jelas,https://aksara24.id/2023/08/05/warga-desa-koto-kandis-dendang-akui-kesulitan-dapatkan-gas-bersubsidi/,2026-06-20
"Firdaus, salah satu warga Desa Koto Kandis Dendang mengatakan, warga setempat merasa kesulitan mendapatkan pasokan gas subsidi yang diperlukan untuk kebutuhan sehari hari.",tak jelas,https://aksara24.id/2023/08/05/warga-desa-koto-kandis-dendang-akui-kesulitan-dapatkan-gas-bersubsidi/,2026-06-20
"Ketidakpuasan warga tidak hanya terkait dengan ketersediaan gas subsidi, tetapi juga mengenai harga jualnya.",tak jelas,https://aksara24.id/2023/08/05/warga-desa-koto-kandis-dendang-akui-kesulitan-dapatkan-gas-bersubsidi/,2026-06-20
Beberapa warga mengeluhkan bahwa harga penjualan gas subsidi di pasar lokal melampaui Harga Eceran Tertinggi (HET) yang ditetapkan pemerintah.,tak jelas,https://aksara24.id/2023/08/05/warga-desa-koto-kandis-dendang-akui-kesulitan-dapatkan-gas-bersubsidi/,2026-06-20
"Awaludin juga menghimbau, bagi masyarakat atau pihak lain yang menemukan pelanggaran yang memiliki dokumen dan data bisa membuat pengaduan ke call center Pertamina di 135 dan akan segera ditindaklanjuti.",tak jelas,https://aksara24.id/2023/08/05/warga-desa-koto-kandis-dendang-akui-kesulitan-dapatkan-gas-bersubsidi/,2026-06-20
"“Dengan sinergi, disiplin dan semangat gotong royong dari berbagai sektor dan elemen masyarakat bisa mewujudkan petani yang sejahtera, pangan yang kuat, dan rakyat yang makmur.",tak jelas,https://aksatanews.com/hadiri-panen-jagung-wagub-sani-dukung-program-perkuat-kedaulatan-pangan-daerah-dan-nasional,2026-06-20
"Setelah pemberian bantuan simbolis, kegiatan dilanjutkan dengan pelepasan kendaraan yang akan mendistribusikan bantuan sosial kepada masyarakat di berbagai wilayah.",tak jelas,https://awasi.id/read/2026/06/15/6083/polda-jambi-salurkan-1-000-paket-sembako-dan-lepas-bantuan-sosial-sambut-hari-bhayangkara-ke-80/,2026-06-20
Unggahan yang beredar luas telah ditonton ribuan pengguna dan memicu beragam komentar dari warganet yang mempertanyakan transparansi penanganan kasus serta sistem perlindungan anak di lingkungan sekolah.,tak jelas,https://awasi.id/read/2026/06/13/6067/dugaan-kekerasan-terhadap-murid-di-sekolah-djuwita-prakarsa-batam-jadi-sorotan-publik-viral-di-tiktok/,2026-06-20
"Seiring viralnya kasus tersebut di TikTok dan platform media sosial lainnya, masyarakat berharap proses penanganan dilakukan secara transparan, profesional, serta mengedepankan kepentingan terbaik bagi anak sebagai peserta didik yang wajib mendapatkan perlindungan dari segala bentuk kekerasan di lingkungan pendidikan.",tak jelas,https://awasi.id/read/2026/06/13/6067/dugaan-kekerasan-terhadap-murid-di-sekolah-djuwita-prakarsa-batam-jadi-sorotan-publik-viral-di-tiktok/,2026-06-20
"Big Bus (35-50 Penumpang)
Jika Anda membawa rombongan sekolah atau acara keluarga besar, big bus adalah pilihan yang paling pas.",tak jelas,https://awasi.id/read/2024/09/23/1268/cara-memilih-sewa-bus-yang-ramah-anak-terbaik-di-jogja/,2026-06-20
"Jangan lupa juga untuk mempertimbangkan anggaran, ulasan pengguna lain, dan kebijakan perusahaan terkait anak-anak.",tak jelas,https://awasi.id/read/2024/09/23/1268/cara-memilih-sewa-bus-yang-ramah-anak-terbaik-di-jogja/,2026-06-20
Koordinator aksi menyampaikan bahwa pihaknya menerima laporan dari masyarakat setempat terkait adanya dugaan praktik pelangsiran BBM subsidi yang kerap terjadi.,tak jelas,https://awasi.id/read/2026/06/12/6059/awasi-jambi-gelar-aksi-di-spbu-simpang-rimbo-desak-sidak-dan-penindakan-dugaan-pelanggaran-bbm-subsidi/,2026-06-20
Imigrasi Kuala Tungkal turut mengajak masyarakat untuk berperan aktif melaporkan dugaan pelanggaran keimigrasian melalui kanal resmi yang tersedia demi mendukung terciptanya tertib administrasi dan keamanan wilayah.,tak jelas,https://awasi.id/read/2026/06/11/6041/imigrasi-kuala-tungkal-serahkan-berkas-warga-wna-yang-mengajukan-paspor-ri-dengan-data-tidak-sah-ke-kejaksaan/,2026-06-20
Forum yang bertujuan mencari solusi atas berbagai persoalan yang dikeluhkan masyarakat itu diwarnai kekecewaan akibat minimnya kehadiran perusahaan yang diundang.,tak jelas,https://awasi.id/read/2026/04/24/5949/dprd-muaro-jambi-soroti-ketidakhadiran-perusahaan-dalam-rdp-aidi-hatta-kami-akan-panggil-kembali/,2026-06-20
RDP tersebut merupakan tindak lanjut dari pertemuan sebelumnya pada 21 April 2026 sekaligus merespons aspirasi masyarakat yang disampaikan melalui surat Aliansi Rakyat Parit Menggugat Nomor 06/ARPM/IV/2026 tentang penyampaian pendapat di muka umum.,tak jelas,https://awasi.id/read/2026/04/24/5949/dprd-muaro-jambi-soroti-ketidakhadiran-perusahaan-dalam-rdp-aidi-hatta-kami-akan-panggil-kembali/,2026-06-20
"RDP turut dihadiri kepala desa se-Kecamatan Sungai Gelam, unsur pemerintah daerah, tokoh masyarakat, serta sejumlah pelaku usaha yang beroperasi di kawasan tersebut.",tak jelas,https://awasi.id/read/2026/04/24/5949/dprd-muaro-jambi-soroti-ketidakhadiran-perusahaan-dalam-rdp-aidi-hatta-kami-akan-panggil-kembali/,2026-06-20
"Menurut Aidi Hatta, masyarakat mengeluhkan kerusakan jalan yang diduga dipicu oleh aktivitas kendaraan operasional perusahaan dengan muatan yang melebihi kapasitas tonase jalan kabupaten.",tak jelas,https://awasi.id/read/2026/04/24/5949/dprd-muaro-jambi-soroti-ketidakhadiran-perusahaan-dalam-rdp-aidi-hatta-kami-akan-panggil-kembali/,2026-06-20
“Jalan ini dibangun menggunakan anggaran pemerintah untuk kepentingan masyarakat.,tak jelas,https://awasi.id/read/2026/04/24/5949/dprd-muaro-jambi-soroti-ketidakhadiran-perusahaan-dalam-rdp-aidi-hatta-kami-akan-panggil-kembali/,2026-06-20
“Kesehatan adalah hak mendasar yang wajib kami penuhi bagi setiap warga binaan.,tak jelas,https://awasi.id/read/2026/06/09/6038/layanan-kesehatan-gratis-rutan-batam-gelar-edukasi-dan-pemeriksaan-vct-mobile-untuk-warga-binaan/,2026-06-20
"Dengan kegiatan seperti ini, Rutan Batam terus berupaya menghadirkan pelayanan yang layak sebagai bagian dari sistem pembinaan yang manusiawi, profesional, dan selalu mengutamakan pemenuhan hak setiap warga binaan.",tak jelas,https://awasi.id/read/2026/06/09/6038/layanan-kesehatan-gratis-rutan-batam-gelar-edukasi-dan-pemeriksaan-vct-mobile-untuk-warga-binaan/,2026-06-20
"Selain itu, penghargaan tersebut juga menjadi pengakuan atas keberhasilan satuan dalam membangun komunikasi publik yang positif, transparan, dan edukatif kepada masyarakat, sekaligus mendukung program-program prioritas pemerintah, termasuk Program Asta Cita Presiden Republik Indonesia.",tak jelas,https://awasi.id/read/2026/06/08/6022/polres-tanjab-barat-borong-tiga-penghargaan-sekaligus-pada-rakernis-humas-polda-jambi-2026/,2026-06-20
"Kabid Humas Polda Jambi, Kombes Pol Erlan Munaji, S.I.K., M.Si., menyampaikan bahwa penghargaan ini diharapkan dapat menjadi motivasi bagi seluruh jajaran Humas Polri di wilayah Jambi untuk terus meningkatkan kualitas publikasi dan pelayanan informasi kepada masyarakat.",tak jelas,https://awasi.id/read/2026/06/08/6022/polres-tanjab-barat-borong-tiga-penghargaan-sekaligus-pada-rakernis-humas-polda-jambi-2026/,2026-06-20
"Ke depan, penghargaan ini diharapkan mampu memacu peningkatan kompetensi digital, kreativitas, serta profesionalisme personel Humas Polri dalam menghadapi tantangan komunikasi publik di era digital yang terus berkembang, sehingga kehadiran Polri di ruang publik dan media sosial semakin dirasakan manfaatnya oleh masyarakat.(Humas Polres)",tak jelas,https://awasi.id/read/2026/06/08/6022/polres-tanjab-barat-borong-tiga-penghargaan-sekaligus-pada-rakernis-humas-polda-jambi-2026/,2026-06-20
"Menurutnya, Hari Bhayangkara ke-80 tidak hanya menjadi momentum refleksi dan peningkatan pelayanan, tetapi juga menjadi sarana mempererat silaturahmi dan menghadirkan ruang kebersamaan yang positif antara Polri dan masyarakat.",tak jelas,https://amuranews.id/pecah-tawa-pecah-di-hari-bhayangkara-ke-80-stand-up-comedy-polda-jambi-diserbu-puluhan-peserta/,2026-06-21
"Keberhasilan tersebut menjadi kebanggaan tersendiri bagi keluarga, sekolah, dan masyarakat Kota Jambi.",tak jelas,https://amuranews.id/siswi-berprestasi-asal-kota-jambi-afia-meilin-putri-islamy-siap-rebut-mahkota-putri-jambi-2026/,2026-06-21
"Dukungan dari keluarga, sekolah, dan masyarakat diharapkan dapat menjadi motivasi tambahan bagi Afia untuk terus mengharumkan nama Kota Jambi dan Provinsi Jambi di tingkat yang lebih tinggi.",tak jelas,https://amuranews.id/siswi-berprestasi-asal-kota-jambi-afia-meilin-putri-islamy-siap-rebut-mahkota-putri-jambi-2026/,2026-06-21
Polda Jambi kembali menunjukkan komitmennya untuk hadir di tengah rakyat dengan menyalurkan ribuan paket bantuan sosial kepada masyarakat yang membutuhkan.,tak jelas,https://amuranews.id/1-000-paket-sembako-meluncur-kapolda-jambi-turun-langsung-hari-bhayangkara-ke-80-diwarnai-aksi-nyata-berbagi-untuk-rakyat/,2026-06-21
"“Kita ingin pemasyarakatan tidak hanya menjalankan tugas rutin, tetapi juga menjadi institusi yang benar-benar bermanfaat, menghadirkan keadilan restoratif, dan layanan terbaik bagi masyarakat,” tegas Menteri Agus.",tak jelas,https://aksara24.id/2025/04/28/kakanwil-ditjenpas-jambi-ikuti-tasyakuran-hbp-ke-61-bersama-menteri-imipas/,2026-06-22
"“Kami di Kanwil Ditjenpas Jambi berkomitmen untuk menghadirkan layanan yang tidak hanya cepat, tetapi juga bermakna dan berdampak positif bagi masyarakat luas,” kata Hidayat.",tak jelas,https://aksara24.id/2025/04/28/kakanwil-ditjenpas-jambi-ikuti-tasyakuran-hbp-ke-61-bersama-menteri-imipas/,2026-06-22
"Kehadiran Danrem 042/Garuda Putih dalam kegiatan tersebut menjadi bentuk dukungan TNI terhadap program-program yang berorientasi pada peningkatan kesejahteraan masyarakat, penguatan ekonomi kerakyatan, serta penguatan sinergi antara TNI-Polri, pemerintah daerah, dunia usaha, dan seluruh komponen masyarakat.",tak jelas,https://amuranews.id/9186-2/,2026-06-22
"Melalui kegiatan ini, Polda Jambi berharap sinergi antara pemerintah, dunia usaha, dan masyarakat dapat terus terjalin guna menekan angka pengangguran, meningkatkan taraf hidup masyarakat, serta mendukung pertumbuhan ekonomi di Provinsi Jambi.",tak jelas,https://amuranews.id/ada-yang-berbeda-di-hari-bhayangkara-ke-80-polda-jambi-siapkan-ribuan-peluang-kerja/,2026-06-22
"Kunjungan ini diharapkan semakin mempererat sinergi antara pemerintah pusat, pemerintah daerah, TNI-Polri, dan seluruh elemen masyarakat dalam mendorong percepatan pembangunan daerah serta mewujudkan peningkatan kesejahteraan masyarakat di Provinsi Jambi.",tak jelas,https://amuranews.id/danrem-042-gp-sambut-wamenaker-ri-langkah-strategis-perkuat-sdm-dan-perluas-lapangan-kerja/,2026-06-22
"Sementara itu, Wakil Menteri Ketenagakerjaan RI Afriansyah Noor mengapresiasi sinergi antara Polda Jambi, Pemerintah Provinsi Jambi, dunia usaha, dan seluruh pemangku kepentingan dalam menciptakan peluang kerja bagi masyarakat.",tak jelas,https://www.angsoduo.net/2026/06/gubernur-al-haris-apresiasi-bhayangkara-presisi-job-fair-dan-bazaar-umkm-polda-jambi-dorong-pengurangan-pengangguran-dan-kemiskinan,2026-06-22
"Melalui kegiatan ini, Pemerintah Provinsi Jambi bersama Polda Jambi dan seluruh pemangku kepentingan berharap dapat memperkuat sinergi dalam menekan angka pengangguran, meningkatkan kesejahteraan masyarakat, serta mendorong pertumbuhan ekonomi daerah yang inklusif dan berkelanjutan.",tak jelas,https://www.angsoduo.net/2026/06/gubernur-al-haris-apresiasi-bhayangkara-presisi-job-fair-dan-bazaar-umkm-polda-jambi-dorong-pengurangan-pengangguran-dan-kemiskinan,2026-06-22
"Muaro Jambi,(awasi.id) – Warga binaan Lembaga Pemasyarakatan (Lapas) Muaro Jambi melaksanakan kegiatan olahraga bersama berupa senam pagi sebagai bagian dari program pembinaan rutin yang bertujuan menjaga kesehatan dan kebugaran jasmani.",tak jelas,https://awasi.id/read/2026/06/22/6120/warga-binaan-lapas-muaro-jambi-laksanakan-senam-pagi-rutin-untuk-menjaga-kebugaran/,2026-06-22
"Senam pagi dilaksanakan untuk meningkatkan daya tahan tubuh, menjaga kesehatan fisik, serta memberikan suasana yang positif bagi warga binaan selama menjalani masa pembinaan.",tak jelas,https://awasi.id/read/2026/06/22/6120/warga-binaan-lapas-muaro-jambi-laksanakan-senam-pagi-rutin-untuk-menjaga-kebugaran/,2026-06-22
Pihak Lapas Muaro Jambi menyampaikan bahwa kegiatan olahraga rutin merupakan salah satu bentuk pembinaan yang penting untuk menunjang kesehatan fisik maupun mental warga binaan.,tak jelas,https://awasi.id/read/2026/06/22/6120/warga-binaan-lapas-muaro-jambi-laksanakan-senam-pagi-rutin-untuk-menjaga-kebugaran/,2026-06-22
"Dengan adanya kegiatan senam pagi rutin ini, Lapas Muaro Jambi terus berupaya menciptakan lingkungan pembinaan yang sehat, aman, dan produktif sehingga warga binaan dapat menjalani masa pembinaan dengan lebih baik serta siap kembali ke tengah masyarakat setelah menyelesaikan masa pidananya.",tak jelas,https://awasi.id/read/2026/06/22/6120/warga-binaan-lapas-muaro-jambi-laksanakan-senam-pagi-rutin-untuk-menjaga-kebugaran/,2026-06-22
Siregar mengatakan bahwa kegiatan Bakti Kesehatan merupakan bentuk komitmen Polri untuk terus hadir memberikan manfaat nyata bagi masyarakat.,tak jelas,https://amuranews.id/polda-jambi-tebar-manfaat-di-hari-bhayangkara-ke-80-lewat-bakti-kesehatan/,2026-06-23
"Menurutnya, kegiatan tersebut juga menjadi bagian dari dukungan Polri terhadap program pemerintah dalam percepatan penanganan stunting serta peningkatan kualitas kesehatan masyarakat.",tak jelas,https://amuranews.id/polda-jambi-tebar-manfaat-di-hari-bhayangkara-ke-80-lewat-bakti-kesehatan/,2026-06-23
"“Pemberian alat bantu kesehatan seperti kursi roda, kruk walker, alat bantu dengar, dan kacamata gratis diharapkan dapat membantu meningkatkan kualitas hidup masyarakat penerima manfaat,” katanya.",tak jelas,https://amuranews.id/polda-jambi-tebar-manfaat-di-hari-bhayangkara-ke-80-lewat-bakti-kesehatan/,2026-06-23
"“Melalui layanan kesehatan dan bantuan sosial yang diberikan, Polda Jambi ingin memastikan kehadiran Polri dapat dirasakan tidak hanya dalam menjaga keamanan dan ketertiban, tetapi juga melalui aksi nyata yang menyentuh kebutuhan masyarakat secara langsung,” ujarnya.",tak jelas,https://amuranews.id/polda-jambi-tebar-manfaat-di-hari-bhayangkara-ke-80-lewat-bakti-kesehatan/,2026-06-23
Siregar mengatakan bahwa kegiatan Bakti kesehatan yang dilaksanakan hari ini merupakan wujud komitmen Polri untuk terus hadir memberikan manfaat bagi masyarakat.,tak jelas,https://awasi.id/read/2026/06/23/6124/dalam-rangka-hari-bhayangkara-ke-80-polda-jambi-gelar-bakti-kesehatan-dan-bakti-sosial-untuk-masyarakat/,2026-06-23
Erlan Munaji menyampaikan bahwa kegiatan Bhakti Kesehatan dan Bakti Sosial yang dilaksanakan dalam rangka Hari Bhayangkara ke-80 merupakan bentuk nyata komitmen Polri untuk terus hadir dan memberikan manfaat kepada masyarakat.,tak jelas,https://awasi.id/read/2026/06/23/6124/dalam-rangka-hari-bhayangkara-ke-80-polda-jambi-gelar-bakti-kesehatan-dan-bakti-sosial-untuk-masyarakat/,2026-06-23
"Melalui berbagai layanan kesehatan dan bantuan sosial yang diberikan, Polda Jambi ingin memastikan bahwa kehadiran Polri tidak hanya dirasakan dalam menjaga keamanan dan ketertiban masyarakat, tetapi juga melalui aksi nyata yang menyentuh kebutuhan masyarakat secara langsung,” ujar Kombes Pol.",tak jelas,https://awasi.id/read/2026/06/23/6124/dalam-rangka-hari-bhayangkara-ke-80-polda-jambi-gelar-bakti-kesehatan-dan-bakti-sosial-untuk-masyarakat/,2026-06-23
"Mengusung tagline “Satu Langkah, Sejuta Perubahan”, kegiatan ini diharapkan mampu menginspirasi masyarakat bahwa setiap langkah kecil yang dilakukan hari ini dapat memberikan dampak besar bagi kesehatan, lingkungan, kebersamaan sosial, serta masa depan yang lebih baik.",tak jelas,https://awasi.id/read/2026/06/06/6002/polda-jambi-launching-presisi-merdeka-run-jambi-2026-wujudkan-semangat-satu-langkah-sejuta-perubahan/,2026-06-23
Pengaduan tersebut dibuat berdasarkan laporan dan informasi yang diterima dari masyarakat terkait dugaan penyelenggaraan kegiatan pendidikan anak usia dini oleh Playgroup Djuwita yang diduga belum memenuhi sejumlah ketentuan administratif dan operasional sebagaimana diatur dalam peraturan perundang-undangan.,tak jelas,https://awasi.id/read/2026/06/06/5986/jawaban-dinas-pendidikan-batam-dinilai-normatif-lbh-no-viral-no-justice-soroti-minimnya-bukti-dan-penjelasan-verifikasi/,2026-06-23
"Di antaranya dugaan bahwa Playgroup Djuwita belum memiliki izin operasional sesuai ketentuan yang berlaku, dugaan penyelenggaraan kegiatan pendidikan tanpa memenuhi standar administrasi dan persyaratan kelembagaan, dugaan penggunaan tenaga pendidik dan sarana yang belum diverifikasi oleh instansi berwenang, serta keresahan masyarakat terkait aspek keamanan, keselamatan, dan kepastian hukum penyelenggaraan pendidikan.",tak jelas,https://awasi.id/read/2026/06/06/5986/jawaban-dinas-pendidikan-batam-dinilai-normatif-lbh-no-viral-no-justice-soroti-minimnya-bukti-dan-penjelasan-verifikasi/,2026-06-23
"Menurutnya, jika memang Dinas Pendidikan telah melakukan verifikasi sebagaimana disebutkan dalam surat tersebut, maka seharusnya informasi mengenai hasil verifikasi itu dapat dipaparkan secara lebih lengkap agar masyarakat memperoleh kepastian dan tidak menimbulkan berbagai spekulasi.",tak jelas,https://awasi.id/read/2026/06/06/5986/jawaban-dinas-pendidikan-batam-dinilai-normatif-lbh-no-viral-no-justice-soroti-minimnya-bukti-dan-penjelasan-verifikasi/,2026-06-23
"Selain itu, LBH No Viral No Justice juga mempertanyakan apakah pemeriksaan yang dilakukan Dinas Pendidikan hanya terbatas pada aspek perizinan dan kualifikasi tenaga pendidik atau mencakup seluruh poin yang diadukan oleh masyarakat.",tak jelas,https://awasi.id/read/2026/06/06/5986/jawaban-dinas-pendidikan-batam-dinilai-normatif-lbh-no-viral-no-justice-soroti-minimnya-bukti-dan-penjelasan-verifikasi/,2026-06-23
"Lebih lanjut, ia berharap Dinas Pendidikan Kota Batam dapat memberikan penjelasan yang lebih komprehensif terkait hasil pemeriksaan yang telah dilakukan sehingga seluruh persoalan dapat menjadi terang dan tidak menimbulkan polemik berkepanjangan di tengah masyarakat.",tak jelas,https://awasi.id/read/2026/06/06/5986/jawaban-dinas-pendidikan-batam-dinilai-normatif-lbh-no-viral-no-justice-soroti-minimnya-bukti-dan-penjelasan-verifikasi/,2026-06-23
"Ia mengajak seluruh elemen masyarakat, mulai dari pemerintah, sekolah, keluarga hingga lingkungan sekitar, untuk bersama-sama memastikan setiap anak mendapatkan haknya dalam memperoleh pendidikan.",tak jelas,https://awasi.id/read/2026/06/04/5995/ketua-dprd-muaro-jambi-aidi-hatta-tegaskan-komitmen-wujudkan-nol-anak-putus-sekolah/,2026-06-23
"Musyawarah desa tersebut diikuti oleh 69 peserta yang merupakan perwakilan berbagai unsur masyarakat Desa Teluk Sialang, terdiri dari Badan Permusyawaratan Desa (BPD), pemerintah desa, tokoh masyarakat, tokoh adat, tokoh agama, tokoh pendidik, kelompok tani, kelompok nelayan, kelompok perempuan, perwakilan masyarakat miskin, Karang Taruna, serta Lembaga Pemberdayaan Masyarakat (LPM).",tak jelas,https://awasi.id/read/2026/06/04/5935/personel-polres-tanjab-barat-dan-polsek-tungkal-ilir-amankan-musyawarah-pemilihan-kades-paw-desa-teluk-sialang-tahun-2026/,2026-06-23
Masyarakat menilai perlu adanya transparansi dari pihak terkait mengenai penanganan dan pelepasan benih lobster tersebut.,tak jelas,https://awasi.id/read/2026/06/04/5931/47-872-benih-baby-lobster-senilai-rp718-miliar-dipertanyakan-publik-minta-transparansi-polresta-jambi-dan-instansi-terkait/,2026-06-23
Sejumlah kalangan menilai bahwa transparansi sangat diperlukan untuk menjaga kepercayaan masyarakat terhadap aparat penegak hukum dan instansi teknis yang berwenang.,tak jelas,https://awasi.id/read/2026/06/04/5931/47-872-benih-baby-lobster-senilai-rp718-miliar-dipertanyakan-publik-minta-transparansi-polresta-jambi-dan-instansi-terkait/,2026-06-23
"Lebih lanjut, Kabid Humas menambahkan bahwa Polda Jambi akan terus mendukung berbagai kegiatan positif yang melibatkan generasi muda dan masyarakat sebagai bagian dari upaya menciptakan lingkungan yang aman, sehat, serta produktif.",tak jelas,https://awasi.id/read/2026/06/03/5928/kapolda-jambi-dukung-pembinaan-generasi-muda-melalui-olahraga-kapolda-cup-basket-2026-siap-digelar-meriahkan-hut-bhayangkara-ke-80/,2026-06-23
"Jika surat resmi yang memiliki bukti penerimaan saja bisa tidak diketahui keberadaannya, bagaimana masyarakat dapat percaya terhadap sistem administrasi yang ada?” ujar Erfan.",tak jelas,https://awasi.id/read/2026/06/02/5919/dalam-aksi-unjuk-rasa-terungkap-surat-resmi-awasi-jambi-hilang-di-bappeda-transparansi-tata-kelola-dipertanyakan/,2026-06-23
"Selain itu, awak media juga meminta adanya dokumentasi visual atau rekaman pelepasliaran benih lobster agar dapat disampaikan kepada masyarakat sebagai bentuk keterbukaan informasi publik.",tak jelas,https://awasi.id/read/2026/06/02/5911/awak-media-minta-bukti-visual-pelepasliaran-benih-lobster-rp7-miliar-di-jambi-transparansi-dipertanyakan/,2026-06-23
"Peringatan HUT ke-80 Pemerintah Kota Jambi dan HUT ke-625 Tanah Pilih Pusako Betuah Kota Jambi tahun ini menjadi momentum untuk memperkuat sinergi antara pemerintah pusat, pemerintah daerah, TNI-Polri, dan seluruh elemen masyarakat dalam mendorong pembangunan yang berkelanjutan.",tak jelas,https://awasi.id/read/2026/06/02/5904/danrem-042-gapu-hadiri-rapat-paripurna-dprd-kota-jambi-perkuat-sinergi-untuk-kemajuan-daerah/,2026-06-23
"Usai kegiatan, Danrem 042/Gapu Brigjen TNI Nyamin menyampaikan ucapan selamat kepada Pemerintah Kota Jambi dan seluruh masyarakat Kota Jambi atas bertambahnya usia Kota Jambi.",tak jelas,https://awasi.id/read/2026/06/02/5904/danrem-042-gapu-hadiri-rapat-paripurna-dprd-kota-jambi-perkuat-sinergi-untuk-kemajuan-daerah/,2026-06-23
"Danrem juga berharap sinergitas yang telah terjalin antara pemerintah daerah, TNI, Polri, dan seluruh komponen masyarakat dapat terus diperkuat guna mendukung pembangunan daerah dan meningkatkan kesejahteraan masyarakat Kota Jambi.",tak jelas,https://awasi.id/read/2026/06/02/5904/danrem-042-gapu-hadiri-rapat-paripurna-dprd-kota-jambi-perkuat-sinergi-untuk-kemajuan-daerah/,2026-06-23
"Menurutnya, masyarakat tidak hanya menilai keberhasilan pemerintah dari capaian administratif semata, tetapi dari hasil pembangunan yang dapat dirasakan secara langsung dalam kehidupan sehari-hari.",tak jelas,https://awasi.id/read/2026/06/02/5981/raih-opini-wtp-ketua-dprd-muaro-jambi-aidi-hatta-tegaskan-pengawasan-anggaran-harus-semakin-kuat/,2026-06-23
"“Masyarakat ingin melihat pelayanan publik yang semakin baik, infrastruktur yang memadai, fasilitas kesehatan yang optimal, dan pendidikan yang berkualitas.",tak jelas,https://awasi.id/read/2026/06/02/5981/raih-opini-wtp-ketua-dprd-muaro-jambi-aidi-hatta-tegaskan-pengawasan-anggaran-harus-semakin-kuat/,2026-06-23
"“Kami ingin pengawasan tidak hanya dilakukan melalui rapat-rapat formal, tetapi juga dengan turun langsung ke lapangan untuk melihat kondisi yang sebenarnya dan mendengar aspirasi masyarakat secara langsung,” ujarnya.",tak jelas,https://awasi.id/read/2026/06/02/5981/raih-opini-wtp-ketua-dprd-muaro-jambi-aidi-hatta-tegaskan-pengawasan-anggaran-harus-semakin-kuat/,2026-06-23
"Lebih lanjut, ia mengingatkan bahwa setiap anggaran yang dikelola pemerintah merupakan amanah masyarakat yang harus dipertanggungjawabkan dengan baik.",tak jelas,https://awasi.id/read/2026/06/02/5981/raih-opini-wtp-ketua-dprd-muaro-jambi-aidi-hatta-tegaskan-pengawasan-anggaran-harus-semakin-kuat/,2026-06-23
"“Kami menyambut baik pelaksanaan penelitian ini dan berharap seluruh peserta dapat memberikan data serta informasi yang objektif dan akurat sehingga hasil penelitian nantinya dapat menjadi bahan masukan bagi pimpinan Polri dalam menyusun kebijakan yang tepat untuk meningkatkan kualitas pelayanan kepada masyarakat,” ujar Kombes Pol.",tak jelas,https://awasi.id/read/2026/06/02/5899/polda-jambi-terima-kunjungan-tim-puslitbang-polri-teliti-optimalisasi-almatsus-dalmas-dan-ketahanan-pangan/,2026-06-23
"“Melalui penelitian berbasis data dan fakta lapangan, Polri dapat terus beradaptasi dan meningkatkan kualitas kinerjanya sehingga mampu memberikan perlindungan, pengayoman, dan pelayanan terbaik kepada masyarakat,” tutup Kombes Pol.",tak jelas,https://awasi.id/read/2026/06/02/5899/polda-jambi-terima-kunjungan-tim-puslitbang-polri-teliti-optimalisasi-almatsus-dalmas-dan-ketahanan-pangan/,2026-06-23
"Mereka harus menjadi teladan dalam menerapkan nilai-nilai Pancasila, baik di lingkungan keluarga, sekolah, maupun masyarakat,” katanya.",tak jelas,https://awasi.id/read/2026/06/01/5992/ketua-fraksi-pan-dprd-muaro-jambi-robinson-sirait-pancasila-harus-menjadi-pedoman-dalam-membangun-daerah/,2026-06-23
"Warga menilai, jika rakyat kecil bergerak sedikit saja langsung ditindak, namun dugaan aktivitas ilegal berskala besar justru dibiarkan, maka kepercayaan publik terhadap hukum bisa runtuh total.",tak jelas,https://awasi.id/read/2026/05/30/5871/barelang-darurat-mafia-penjahat-ekonomi-seolah-lebih-kuat-dari-negara-batam-awasi-id-pelabuhan-tikus-di-kawasan-jembatan-3-barelang-kini-menjadi-simbol-paling-memalukan-dari-dug/,2026-06-23
"Dengan adanya rotasi jabatan tersebut, diharapkan soliditas internal Polres Tanjab Barat semakin kuat serta pelayanan kepada masyarakat di wilayah Kabupaten Tanjung Jabung Barat dapat terus ditingkatkan demi terciptanya situasi kamtibmas yang aman, nyaman, dan kondusif.(Humas Polres)",tak jelas,https://awasi.id/read/2026/05/29/5845/kapolres-tanjab-barat-pimpin-sertijab-kasat-polairud-dan-pelantikan-kapolsek-pengabuan/,2026-06-23
"Polres Tanjab Barat Serentak Pasang Stiker Layanan Darurat 110 pada Kendaraan Operasional
Tanjung Jabung Barat, Awasi id – Polres Tanjung Jabung Barat (Tanjab Barat) terus berupaya meningkatkan pelayanan kepada masyarakat dengan melaksanakan pemasangan stiker dan logo Layanan Darurat Polri 110 pada seluruh kendaraan dinas operasional jajaran Polres Tanjab Barat, Jumat (29/5/2026).",tak jelas,https://awasi.id/read/2026/05/29/5840/polres-tanjab-barat-serentak-pasang-stiker-layanan-darurat-110-pada-kendaraan-operasional/,2026-06-23
Langkah ini merupakan bagian dari upaya Polres Tanjab Barat untuk memperluas sosialisasi layanan darurat Polri 110 agar semakin dikenal dan mudah diakses oleh masyarakat saat membutuhkan bantuan kepolisian.,tak jelas,https://awasi.id/read/2026/05/29/5840/polres-tanjab-barat-serentak-pasang-stiker-layanan-darurat-110-pada-kendaraan-operasional/,2026-06-23
"Dengan terpasangnya stiker pada kendaraan operasional yang setiap hari bersentuhan langsung dengan masyarakat, diharapkan informasi mengenai layanan tersebut dapat tersampaikan secara lebih luas dan efektif.",tak jelas,https://awasi.id/read/2026/05/29/5840/polres-tanjab-barat-serentak-pasang-stiker-layanan-darurat-110-pada-kendaraan-operasional/,2026-06-23
"Selain meningkatkan aksesibilitas informasi, pemasangan stiker layanan 110 juga bertujuan mendukung respons cepat kepolisian terhadap berbagai laporan masyarakat, seperti gangguan keamanan dan ketertiban masyarakat (kamtibmas), tindak kriminalitas, kecelakaan lalu lintas, maupun situasi darurat lainnya.",tak jelas,https://awasi.id/read/2026/05/29/5840/polres-tanjab-barat-serentak-pasang-stiker-layanan-darurat-110-pada-kendaraan-operasional/,2026-06-23
"Kasih, menyampaikan bahwa layanan Polri 110 merupakan bentuk komitmen Polri dalam menghadirkan pelayanan yang cepat, mudah, dan siaga selama 24 jam bagi masyarakat.",tak jelas,https://awasi.id/read/2026/05/29/5840/polres-tanjab-barat-serentak-pasang-stiker-layanan-darurat-110-pada-kendaraan-operasional/,2026-06-23
“Layanan Polri 110 hadir untuk memberikan kemudahan kepada masyarakat dalam menyampaikan laporan maupun pengaduan terkait gangguan kamtibmas dan kondisi darurat lainnya.,tak jelas,https://awasi.id/read/2026/05/29/5840/polres-tanjab-barat-serentak-pasang-stiker-layanan-darurat-110-pada-kendaraan-operasional/,2026-06-23
"Melalui pemasangan stiker ini, kami berharap masyarakat semakin mengetahui dan memanfaatkan layanan tersebut apabila membutuhkan bantuan kepolisian,” ujarnya.",tak jelas,https://awasi.id/read/2026/05/29/5840/polres-tanjab-barat-serentak-pasang-stiker-layanan-darurat-110-pada-kendaraan-operasional/,2026-06-23
"Menurutnya, sosialisasi layanan darurat Polri 110 melalui kendaraan operasional menjadi salah satu langkah strategis untuk mendekatkan pelayanan kepolisian kepada masyarakat serta memperkuat kehadiran Polri sebagai pelindung, pengayom, dan pelayan masyarakat.",tak jelas,https://awasi.id/read/2026/05/29/5840/polres-tanjab-barat-serentak-pasang-stiker-layanan-darurat-110-pada-kendaraan-operasional/,2026-06-23
"Dengan adanya pemasangan stiker layanan darurat 110 secara serentak ini, Polres Tanjab Barat berharap masyarakat dapat lebih cepat mengakses bantuan kepolisian kapan pun diperlukan, sehingga tercipta situasi kamtibmas yang aman, nyaman, dan kondusif di wilayah Kabupaten Tanjung Jabung Barat.(Humas Polres)",tak jelas,https://awasi.id/read/2026/05/29/5840/polres-tanjab-barat-serentak-pasang-stiker-layanan-darurat-110-pada-kendaraan-operasional/,2026-06-23
Aksara24.id – Kepolisian Republik Indonesia (Polri) sejauh ini masih melakukan pendekatan-pendekatan sosial guna menjaga masyarakat terhadap kinerja Polri.,tak jelas,https://aksara24.id/2022/09/25/prihatin-dampak-kenaikan-harga-bbm-polisi-bantu-paket-sembako-ke-sad/,2026-06-24
Bantuan ini juga sebagai bentuk kepedulian Polda Jambi dan Polres Sarolangun kepada warga SAD di wilayah Air Hitam pasca penyesuaian kenaikan harga Bahan Bakar Minyak (BBM) yang telah ditetapkan oleh pemerintah.,tak jelas,https://aksara24.id/2022/09/25/prihatin-dampak-kenaikan-harga-bbm-polisi-bantu-paket-sembako-ke-sad/,2026-06-24
"Jenang Jalal yang menerima bansos sangat berterimakasih kepada pihak kepada kepolisian yang telah membantu warga SAD dan dia pun menceritakan jika banyak yang enggan menemui warga SAD di wilayah Air Hitam, Sarolangun.",tak jelas,https://aksara24.id/2022/09/25/prihatin-dampak-kenaikan-harga-bbm-polisi-bantu-paket-sembako-ke-sad/,2026-06-24
"“Saya berharap melalui rapat kerja ini dapat merumuskan langkah-langkah yang efektif dalam mempercepat pelaksanaan seluruh program pertanahan dan memajukan pengelolaan pertanahan diseluruh kabupaten/kota di Provinsi Jambi maupun peningkatan kualitas pelayanan kepada masyarakat,” lanjutnya.",tak jelas,https://aksara24.id/2025/01/09/sekda-sudirman-harap-kolaborasi-bpn-dengan-pemerintah-daerah/,2026-06-24
“Saya sangat mengapresiasi kinerja jajaran Kantor Wilayah BPN Provinsi Jambi yang telah bekerja keras untuk memastikan hak atas tanah masyarakat terjamin dengan baik.,tak jelas,https://aksara24.id/2025/01/09/sekda-sudirman-harap-kolaborasi-bpn-dengan-pemerintah-daerah/,2026-06-24
"“Kami jajaran Pemerintah Provinsi Jambi sangat mendukung program tersebut, Program PTSL ini sangat penting bagi masyarakat, khususnya untuk memberikan kepastian hukum terhadap status tanah mereka.",tak jelas,https://aksara24.id/2025/01/09/sekda-sudirman-harap-kolaborasi-bpn-dengan-pemerintah-daerah/,2026-06-24
"“Saya yakin, dengan komitmen yang kuat dan kerja sama yang baik antara BPN Provinsi Jambi, Pemerintah Provinsi Jambi, serta seluruh pihak terkait, kita dapat mewujudkan tujuan bersama dalam pembangunan pertanahan yang berkeadilan, transparan, dan memberikan manfaat bagi seluruh lapisan masyarakat.",tak jelas,https://aksara24.id/2025/01/09/sekda-sudirman-harap-kolaborasi-bpn-dengan-pemerintah-daerah/,2026-06-24
Momentum ini juga menjadi pengingat bagi generasi penerus Bhayangkara untuk terus menanamkan semangat pengabdian dalam memberikan pelayanan terbaik kepada masyarakat.,tak jelas,https://amuranews.id/polda-jambi-gelar-ziarah-rombongan-hari-bhayangkara-ke-80-kenang-jasa-dan-semangat-pengabdian-pahlawan-bhayangkara/,2026-06-24
"Semangat juang mereka menjadi motivasi bagi seluruh personel Polri untuk terus meningkatkan profesionalisme serta menghadirkan pelayanan yang humanis, responsif, dan Presisi kepada masyarakat,” ujar Kombes Pol.",tak jelas,https://amuranews.id/polda-jambi-gelar-ziarah-rombongan-hari-bhayangkara-ke-80-kenang-jasa-dan-semangat-pengabdian-pahlawan-bhayangkara/,2026-06-24
"“Semangat pengorbanan para pendahulu harus menjadi inspirasi bagi seluruh personel untuk terus mengabdi dengan tulus, menjaga keamanan dan ketertiban masyarakat, serta memberikan pelayanan terbaik demi terwujudnya Polri yang semakin dicintai masyarakat,” tutupnya.",tak jelas,https://amuranews.id/polda-jambi-gelar-ziarah-rombongan-hari-bhayangkara-ke-80-kenang-jasa-dan-semangat-pengabdian-pahlawan-bhayangkara/,2026-06-24
"AMURANEWS | Ribuan masyarakat memadati Gedung Putih Jambi, Selasa (23/6/2026), untuk mengikuti kegiatan Bakti Kesehatan (Baktikes) dan Bakti Sosial (Bansos) yang digelar Polda Jambi melalui Bidang Kedokteran dan Kesehatan (Biddokkes) dalam rangka memperingati Hari Bhayangkara ke-80 Tahun 2026.",tak jelas,https://amuranews.id/ribuan-warga-serbu-bakti-kesehatan-polda-jambi-wujud-nyata-polri-mengabdi-untuk-negeri/,2026-06-24
"Kegiatan yang berlangsung meriah dan penuh antusiasme ini menjadi bukti nyata kehadiran Polri di tengah masyarakat, tidak hanya sebagai institusi yang menjaga keamanan dan ketertiban, tetapi juga sebagai pelayan masyarakat yang peduli terhadap kesehatan dan kesejahteraan warga.",tak jelas,https://amuranews.id/ribuan-warga-serbu-bakti-kesehatan-polda-jambi-wujud-nyata-polri-mengabdi-untuk-negeri/,2026-06-24
Berbagai layanan kesehatan diberikan secara gratis kepada masyarakat.,tak jelas,https://amuranews.id/ribuan-warga-serbu-bakti-kesehatan-polda-jambi-wujud-nyata-polri-mengabdi-untuk-negeri/,2026-06-24
"Sebanyak 561 orang mengikuti donor darah, 1.565 warga mendapatkan pengobatan umum dan pemeriksaan kesehatan, serta 314 anak mengikuti program sunatan massal.",tak jelas,https://amuranews.id/ribuan-warga-serbu-bakti-kesehatan-polda-jambi-wujud-nyata-polri-mengabdi-untuk-negeri/,2026-06-24
"Selain itu, Biddokkes Polda Jambi juga melaksanakan operasi katarak terhadap 48 pasien, membagikan 10 unit kacamata gratis, 20 kursi roda, dua alat bantu dengar, serta dua unit kruk bagi masyarakat yang membutuhkan.",tak jelas,https://amuranews.id/ribuan-warga-serbu-bakti-kesehatan-polda-jambi-wujud-nyata-polri-mengabdi-untuk-negeri/,2026-06-24
"Ini merupakan bukti bahwa Polri hadir tidak hanya dalam menjaga keamanan dan ketertiban, tetapi juga melalui pelayanan sosial dan kesehatan yang menyentuh langsung kebutuhan masyarakat,” ujar Kombes Pol.",tak jelas,https://amuranews.id/ribuan-warga-serbu-bakti-kesehatan-polda-jambi-wujud-nyata-polri-mengabdi-untuk-negeri/,2026-06-24
"Melalui kegiatan ini, diharapkan kualitas kesehatan dan kesejahteraan masyarakat di Provinsi Jambi semakin meningkat, sekaligus mempererat sinergi antara Polri dan seluruh elemen masyarakat.",tak jelas,https://amuranews.id/ribuan-warga-serbu-bakti-kesehatan-polda-jambi-wujud-nyata-polri-mengabdi-untuk-negeri/,2026-06-24
"Tak lupa kami juga mengimbau kepada masyarakat pengguna jalan raya, untuk senantiasa waspada dan mematuhi rambu-rambu lalu lintas saat berkendara,” ungkap Dewi.",tak jelas,https://aksara24.id/2022/08/16/dalam-kurun-waktu-24-jam-jasa-raharja-serahkan-santunan-seluruh-korban-kecelakaan-truck-fuso-di-cianjur/,2026-06-25
"Ia menambahkan, peringatan Hari Bhayangkara ke-80 juga menjadi momentum refleksi bagi seluruh jajaran Polri untuk terus meningkatkan kualitas pelayanan kepada masyarakat sekaligus memperkuat kepercayaan publik terhadap institusi Kepolisian.",tak jelas,https://amuranews.id/sakral-dan-penuh-makna-polda-jambi-ikuti-upacara-nilai-nilai-tribrata-jelang-hari-bhayangkara-ke-80/,2026-06-25
"“Dengan semangat Hari Bhayangkara ke-80, Polda Jambi berkomitmen untuk terus hadir memberikan pelayanan terbaik, menjaga keamanan dan ketertiban masyarakat, serta mendukung pembangunan daerah demi terwujudnya Indonesia yang aman dan sejahtera,” tutupnya.",tak jelas,https://amuranews.id/sakral-dan-penuh-makna-polda-jambi-ikuti-upacara-nilai-nilai-tribrata-jelang-hari-bhayangkara-ke-80/,2026-06-25
Siregar dalam sambutannya mengajak seluruh personel untuk memaknai pekerjaan sebagai bentuk pengabdian kepada Tuhan dan pelayanan kepada masyarakat.,tak jelas,https://amuranews.id/sambut-hari-bhayangkara-ke-80-polda-jambi-perkuat-spirit-pengabdian-lewat-doa-bersama-lintas-agama/,2026-06-25
"Ia menambahkan, kegiatan sosial yang digelar merupakan implementasi semangat Polri Presisi, tidak hanya dalam menjaga keamanan dan ketertiban, tetapi juga hadir membantu masyarakat dan menjaga kelestarian lingkungan.",tak jelas,https://amuranews.id/peringati-hari-bhayangkara-ke-80-polda-jambi-tabur-bunga-di-kuala-tungkal-hingga-salurkan-bantuan-untuk-nelayan/,2026-06-25
"Penyaluran bantuan kepada nelayan, penaburan benih kerang, hingga kepedulian terhadap anak-anak di Yayasan Melati merupakan bagian dari pengabdian Polri untuk masyarakat,” tutupnya.",tak jelas,https://amuranews.id/peringati-hari-bhayangkara-ke-80-polda-jambi-tabur-bunga-di-kuala-tungkal-hingga-salurkan-bantuan-untuk-nelayan/,2026-06-25
"Saat meninjau ruang pelayanan, Al Haris menemukan beberapa kondisi yang dinilai kurang mendukung kenyamanan masyarakat, mulai dari dinding yang mengalami kerusakan hingga sistem pendingin ruangan yang belum berfungsi optimal.",tak jelas,https://amuranews.id/tinjau-samsat-tebo-al-haris-soroti-fasilitas-pelayanan-dan-peringatkan-soal-integritas-petugas/,2026-06-25
"Menurutnya, kondisi tersebut perlu segera dibenahi agar masyarakat memperoleh pelayanan yang lebih baik.",tak jelas,https://amuranews.id/tinjau-samsat-tebo-al-haris-soroti-fasilitas-pelayanan-dan-peringatkan-soal-integritas-petugas/,2026-06-25
"Selain menjaga kewibawaan hukum, langkah ini juga merupakan bentuk perlindungan terhadap masyarakat dari ancaman peredaran barang ilegal yang berpotensi merugikan perekonomian negara serta membahayakan kesehatan dan keselamatan publik.",tak jelas,https://amuranews.id/barang-ilegal-dibakar-danrem-042-gapu-hadir-negara-tunjukkan-ketegasan-tanpa-kompromi/,2026-06-25
"Nilai-nilai perjuangan, loyalitas, dan keikhlasan mereka harus senantiasa menjadi inspirasi bagi seluruh anggota Polri dalam memberikan pelayanan terbaik kepada masyarakat,” ujar Kombes Pol.",tak jelas,https://amuranews.id/tabur-bunga-di-makam-pahlawan-polda-jambi-teguhkan-semangat-pengabdian-di-hari-bhayangkara-ke-80/,2026-06-25
"Menurutnya, semangat yang diwariskan para pahlawan harus menjadi fondasi kuat bagi Polri untuk terus meningkatkan profesionalisme, menjaga integritas, serta menghadirkan pelayanan yang humanis dan Presisi bagi masyarakat.",tak jelas,https://amuranews.id/tabur-bunga-di-makam-pahlawan-polda-jambi-teguhkan-semangat-pengabdian-di-hari-bhayangkara-ke-80/,2026-06-25
Ia meminta agar pihak terkait segera melakukan penataan ulang ruang pelayanan agar masyarakat merasa lebih nyaman dan dihargai saat mengakses layanan.,tak jelas,https://www.angsoduo.net/2026/06/tinjau-samsat-tebo-al-haris-tekankan-pelayanan-nyaman-inovasi-pajak-dan-integritas-petugas,2026-06-25
Ia menekankan perlunya pendidikan dan pembinaan bagi semua kelompok usia—termasuk generasi muda dan warga lanjut usia.,tak jelas,https://www.angsoduo.net/2026/06/sosialisasikan-gerakan-jambi-bersholawat-di-sungai-penuh-hj-hesti-haris-tegaskan-sholawat-jadi-amal-nyata,2026-06-25
Bantuan tersebut diharapkan mampu meningkatkan literasi Al-Qur’an di lingkungan keluarga dan masyarakat.,tak jelas,https://www.angsoduo.net/2026/06/sosialisasikan-gerakan-jambi-bersholawat-di-sungai-penuh-hj-hesti-haris-tegaskan-sholawat-jadi-amal-nyata,2026-06-25
"Lebih lanjut, kata Iron, sesuai dengan aturan, dimana persyaratan untuk menjadi Pantarlih adalah sebagai berikut, yakni warga negara Indonesia, berusia paling rendah 17 tahun, mampu sehat jasmani dan rohani, berpendidikan paling rendah sekolah menengah atas atau sederajat, tidak menjadi angngota partai politik atau tidak lagi menjadi anggota partai politik paling singkat 5 tahun.",tak jelas,https://aksara24.id/2024/06/10/kpu-rekrut-9-913-pantarlih-untuk-coklit-daftar-pemilih-pilkada-serentak-2024/,2026-06-26
"“Kami berharap kepada masyarakat yang nanti rumahnya dikunjungi Pantarlih bisa memperlihatkan KTP-El dan Kartu Keluarga atau KK,” harapnya.",tak jelas,https://aksara24.id/2024/06/10/kpu-rekrut-9-913-pantarlih-untuk-coklit-daftar-pemilih-pilkada-serentak-2024/,2026-06-26
"Menampilkan postingan dari Juli, 2025Tunjukkan semua
Sedekah
Pondok Sedekah Bahagia Kembali Gelar Sedekah Telur di RT 35 Kelurahan Bakung Jaya
Kamis, Juli 24, 2025
Peristiwa
Warga Kasang Kumpe Resah, Proyek Ruko Diduga Langgar Izin dan Cemari Drainase
Selasa, Juli 15, 2025",kota,https://www.arcomnews.com/2025/07/,2026-06-26
Tingginya partisipasi peserta dan antusiasme masyarakat menunjukkan bahwa ajang ini memiliki daya tarik yang kuat bagi komunitas otomotif maupun publik secara umum.,tak jelas,https://www.arcomnews.com/2026/04/walikota-cup-race-2026-diharapkan-cetak.html,2026-06-26
"Kehadiran program ini menjadi langkah nyata masyarakat dalam mendukung pemerintah daerah mengatasi persoalan sampah yang selama ini menjadi tantangan, tidak hanya di Kota Jambi, tetapi juga secara nasional.",tak jelas,https://www.arcomnews.com/2026/04/lounching-bank-sampah-sukses-bersinar.html,2026-06-26
"Pimpinan Bank Sampah, Rimba, menyampaikan bahwa pihaknya siap membantu pemerintah dan masyarakat dalam pengelolaan sampah dengan sistem yang lebih terorganisir.",tak jelas,https://www.arcomnews.com/2026/04/lounching-bank-sampah-sukses-bersinar.html,2026-06-26
Bank Sampah menerima sampah dari warga secara gratis dengan syarat telah dipilah.,tak jelas,https://www.arcomnews.com/2026/04/lounching-bank-sampah-sukses-bersinar.html,2026-06-26
"Tidak hanya itu, Bank Sampah juga akan mengembangkan program edukasi dan sosialisasi kepada masyarakat, termasuk rencana wisata edukasi pengolahan sampah menjadi produk yang bernilai guna.",tak jelas,https://www.arcomnews.com/2026/04/lounching-bank-sampah-sukses-bersinar.html,2026-06-26
"Mustaharuddin, M.E., menyampaikan apresiasi atas inisiatif masyarakat dalam menghadirkan solusi nyata terhadap permasalahan sampah.",tak jelas,https://www.arcomnews.com/2026/04/lounching-bank-sampah-sukses-bersinar.html,2026-06-26
"Sebagai bentuk dukungan, pihaknya juga memberikan bantuan bibit cabai kepada masyarakat untuk mendorong pemberdayaan ekonomi berbasis lingkungan.",tak jelas,https://www.arcomnews.com/2026/04/lounching-bank-sampah-sukses-bersinar.html,2026-06-26
"Dengan adanya sinergi antara masyarakat, pemerintah, dan lembaga sosial, Bank Sampah Sukses Bersinar diharapkan mampu menjadi solusi berkelanjutan dalam pengelolaan sampah.",tak jelas,https://www.arcomnews.com/2026/04/lounching-bank-sampah-sukses-bersinar.html,2026-06-26
"Program ini tidak hanya bertujuan menciptakan lingkungan yang bersih, tetapi juga meningkatkan kesadaran masyarakat serta mendorong kesejahteraan melalui pengelolaan sampah yang bernilai ekonomi.",tak jelas,https://www.arcomnews.com/2026/04/lounching-bank-sampah-sukses-bersinar.html,2026-06-26
"Lingkungan bersih, masyarakat sehat, dan ekonomi meningkat menjadi tujuan utama dari hadirnya inovasi ini di Kota Jambi.",tak jelas,https://www.arcomnews.com/2026/04/lounching-bank-sampah-sukses-bersinar.html,2026-06-26
Ia menilai bantuan tersebut menjadi bukti nyata kehadiran pemerintah dalam membantu masyarakat yang membutuhkan.,tak jelas,https://www.arcomnews.com/2026/04/dprd-kota-jambi-dorong-peningkatan.html,2026-06-26
"“Ini adalah langkah yang baik karena membuktikan pemerintah hadir di tengah masyarakat yang membutuhkan,” ujarnya.",tak jelas,https://www.arcomnews.com/2026/04/dprd-kota-jambi-dorong-peningkatan.html,2026-06-26
"Kemas berharap peningkatan anggaran kebencanaan dapat menjadi prioritas ke depan, sehingga perlindungan terhadap warga semakin optimal dan program “Kota Tangguh” dapat berjalan berkelanjutan.",tak jelas,https://www.arcomnews.com/2026/04/dprd-kota-jambi-dorong-peningkatan.html,2026-06-26
"“Pemerintah hadir untuk membantu meringankan beban warga terdampak, dengan harapan bantuan ini dapat dimanfaatkan sebaik-baiknya,” kata Maulana.",tak jelas,https://www.arcomnews.com/2026/04/dprd-kota-jambi-dorong-peningkatan.html,2026-06-26
Pelebaran drainase dilakukan sebagai tindak lanjut atas keluhan warga yang selama ini kerap mengalami banjir saat curah hujan tinggi.,tak jelas,https://www.arcomnews.com/2026/04/ketua-dprd-kota-jambi-tinjau-progres.html,2026-06-26
Kemas Faried juga mengapresiasi respons cepat Dinas Pekerjaan Umum Kota Jambi dalam menindaklanjuti laporan masyarakat.,tak jelas,https://www.arcomnews.com/2026/04/ketua-dprd-kota-jambi-tinjau-progres.html,2026-06-26
"Selain itu, ia menyampaikan terima kasih kepada warga yang telah menghibahkan sebagian lahannya untuk mendukung proyek tersebut.",tak jelas,https://www.arcomnews.com/2026/04/ketua-dprd-kota-jambi-tinjau-progres.html,2026-06-26
Kemas Faried menilai penyaluran bantuan tersebut merupakan bentuk nyata kehadiran pemerintah dalam merespons kondisi darurat yang dihadapi masyarakat.,tak jelas,https://www.arcomnews.com/2026/04/dprd-apresiasi-pemkot-jambi-atas.html,2026-06-26
"Pemerintah tidak hanya hadir secara administratif, tetapi juga memberikan perhatian dan solusi bagi masyarakat yang sedang dalam kondisi sulit,” ujarnya.",tak jelas,https://www.arcomnews.com/2026/04/dprd-apresiasi-pemkot-jambi-atas.html,2026-06-26
"“Kita berharap alokasi anggaran untuk bantuan kebencanaan dapat ditingkatkan, sehingga pemerintah memiliki kapasitas lebih besar dalam menjangkau masyarakat terdampak,” katanya.",tak jelas,https://www.arcomnews.com/2026/04/dprd-apresiasi-pemkot-jambi-atas.html,2026-06-26
"Kegiatan ini menjadi langkah konkret Pemerintah Kota Jambi dalam mendukung penguatan kelembagaan Posyandu, sekaligus mendorong transformasi Pos Pelayanan Terpadu sebagai garda terdepan pelayanan dasar masyarakat melalui penerapan Posyandu 6 SPM.",tak jelas,https://www.arcomnews.com/2026/04/ketua-pembina-posyandu-kota-jambi-dr-dr.html,2026-06-26
"Melalui konsep tersebut, Posyandu tidak hanya berfokus pada layanan kesehatan ibu dan anak, tetapi berkembang menjadi pusat layanan terpadu yang mencakup seluruh siklus hidup masyarakat, mulai dari ibu hamil hingga lanjut usia.",tak jelas,https://www.arcomnews.com/2026/04/ketua-pembina-posyandu-kota-jambi-dr-dr.html,2026-06-26
"Nadiyah berharap para kader mampu melihat kondisi nyata di lingkungan masyarakat, kemudian menyampaikan permasalahan serta solusi secara berjenjang mulai dari tingkat kelurahan, kecamatan hingga Organisasi Perangkat Daerah (OPD), sehingga Posyandu benar-benar hadir sebagai solusi berbagai persoalan sosial.",kota,https://www.arcomnews.com/2026/04/ketua-pembina-posyandu-kota-jambi-dr-dr.html,2026-06-26
"Diharapkan, kehadiran Posyandu 6 SPM di seluruh kelurahan dapat menjadi pusat pelayanan terpadu yang mampu menjawab kebutuhan masyarakat secara menyeluruh, serta mendorong terwujudnya masyarakat Kota Jambi yang lebih sejahtera dan bahagia.",kota,https://www.arcomnews.com/2026/04/ketua-pembina-posyandu-kota-jambi-dr-dr.html,2026-06-26
"Lebih dari itu, program tersebut harus menjadi instrumen pemberdayaan masyarakat sekaligus mendorong transparansi pengelolaan anggaran di tingkat lingkungan.",tak jelas,https://www.arcomnews.com/2026/04/bima-arya-sebut-kampung-bahagia-kota.html,2026-06-26
"Selain itu, keterlibatan langsung masyarakat dalam mengelola lingkungan dinilai penting untuk menumbuhkan semangat gotong royong dan rasa memiliki terhadap kawasan tempat tinggal mereka.",tak jelas,https://www.arcomnews.com/2026/04/bima-arya-sebut-kampung-bahagia-kota.html,2026-06-26
"Menurutnya, melalui sistem pembinaan yang matang dan kolaborasi lintas dinas, Kampung Bahagia diyakini tidak hanya mampu mempercantik wajah kota, tetapi juga meningkatkan kualitas hidup serta kemandirian ekonomi masyarakat secara berkelanjutan.",tak jelas,https://www.arcomnews.com/2026/04/bima-arya-sebut-kampung-bahagia-kota.html,2026-06-26
"Menurutnya, program tersebut mampu menumbuhkan rasa kepemilikan bersama karena masyarakat ikut terlibat langsung membangun lingkungan tempat tinggal yang lebih baik.",tak jelas,https://www.arcomnews.com/2026/04/bima-arya-sebut-kampung-bahagia-kota.html,2026-06-26
"Menurut Diza, kegiatan bedah buku seperti ini penting untuk memperluas perspektif para pemimpin daerah, khususnya dalam merumuskan kebijakan publik yang berpihak kepada masyarakat.",tak jelas,https://www.arcomnews.com/2026/04/bedah-buku-babad-alas-diza-nilai.html,2026-06-26
"Sejalan dengan itu, Pemerintah Kota Jambi disebut terus mendorong peningkatan kualitas tata kelola pemerintahan melalui berbagai program strategis yang berorientasi pada kesejahteraan masyarakat.",tak jelas,https://www.arcomnews.com/2026/04/bedah-buku-babad-alas-diza-nilai.html,2026-06-26
"Menurutnya, pemerintah pusat mendorong agar gerakan serupa dapat dilakukan secara rutin di daerah, termasuk di Kota Jambi, sebagai upaya meningkatkan kesadaran masyarakat terhadap kebersihan lingkungan.",tak jelas,https://www.arcomnews.com/2026/04/gerakan-indonesia-asri-di-danau-sipin.html,2026-06-26
"Ia menyebut, langkah tersebut menjadi solusi atas persoalan sampah yang belakangan dikeluhkan masyarakat.",tak jelas,https://www.arcomnews.com/2026/04/gerakan-indonesia-asri-di-danau-sipin.html,2026-06-26
"Kegiatan Gerakan Indonesia ASRI di Danau Sipin ini diharapkan menjadi momentum untuk memperkuat kolaborasi antara pemerintah pusat, pemerintah daerah, dan masyarakat dalam menjaga kebersihan lingkungan serta mendorong pengelolaan sampah yang lebih berkelanjutan.(RED/UCOK PWI)",tak jelas,https://www.arcomnews.com/2026/04/gerakan-indonesia-asri-di-danau-sipin.html,2026-06-26
"Menurutnya, pendekatan berbasis riset diperlukan untuk menjawab tantangan perkotaan yang semakin kompleks serta meningkatnya ekspektasi masyarakat terhadap kualitas layanan publik.",tak jelas,https://www.arcomnews.com/2026/04/pemkot-jambi-perkuat-tata-kelola.html,2026-06-26
"Melalui kolaborasi global berbasis riset ini, Pemkot Jambi menargetkan pembangunan yang lebih terukur, efektif, dan berkelanjutan, sekaligus meningkatkan kualitas pelayanan publik dan kesejahteraan masyarakat.",kota,https://www.arcomnews.com/2026/04/pemkot-jambi-perkuat-tata-kelola.html,2026-06-26
"“Penerapan WFH tidak boleh berdampak pada terganggunya layanan kepada masyarakat, khususnya pada sektor kesehatan dan Pemadam Kebakaran dan Penyelamatan,” ujarnya di Kota Jambi, Rabu.",tak jelas,https://www.arcomnews.com/2026/04/dprd-kota-jambi-ingatkan-wfh-asn-tak.html,2026-06-26
Hal ini dinilai krusial agar masyarakat tetap mendapatkan layanan secara maksimal.,tak jelas,https://www.arcomnews.com/2026/04/dprd-kota-jambi-ingatkan-wfh-asn-tak.html,2026-06-26
"“Jangan sampai ada pasien yang membutuhkan pelayanan, namun tenaga kesehatan dan dokter tidak berada di tempat karena bekerja dari rumah,” katanya.",tak jelas,https://www.arcomnews.com/2026/04/dprd-kota-jambi-ingatkan-wfh-asn-tak.html,2026-06-26
"“Kami berharap pengawasan terhadap kebijakan WFH dapat berjalan efektif tanpa mengganggu kualitas pelayanan kepada masyarakat,” kata Kemas Faried.",tak jelas,https://www.arcomnews.com/2026/04/dprd-kota-jambi-ingatkan-wfh-asn-tak.html,2026-06-26
"Di tengah berkurangnya jumlah ASN akibat pensiun, kehadiran PNS baru dinilai memiliki peran strategis dalam menjaga kualitas pelayanan kepada masyarakat.",tak jelas,https://www.arcomnews.com/2026/04/perkuat-layanan-publik-maulana-angkat.html,2026-06-26
Penguatan sumber daya aparatur tersebut juga diharapkan mampu mendukung percepatan visi pembangunan “Kota Jambi Bahagia” serta menghadirkan layanan publik yang semakin responsif dan berkualitas bagi masyarakat.,tak jelas,https://www.arcomnews.com/2026/04/perkuat-layanan-publik-maulana-angkat.html,2026-06-26
Kegiatan tersebut dihadiri ratusan warga yang antusias menyampaikan aspirasi.,tak jelas,https://www.arcomnews.com/2026/04/reses-ketua-dprd-kota-jambi-berujung.html,2026-06-26
Kehadiran lintas level pemerintahan tersebut menjadikan forum reses sebagai sarana koordinasi langsung antara aspirasi masyarakat dan kebijakan pemerintah.,tak jelas,https://www.arcomnews.com/2026/04/reses-ketua-dprd-kota-jambi-berujung.html,2026-06-26
"Dalam dialog yang berlangsung, warga menyampaikan berbagai persoalan, mulai dari infrastruktur lingkungan hingga layanan dasar.",tak jelas,https://www.arcomnews.com/2026/04/reses-ketua-dprd-kota-jambi-berujung.html,2026-06-26
"Salah satu keluhan utama berasal dari warga RT 16, Kelurahan Solok Sipin, Kecamatan Danau Sipin, yang kerap mengalami banjir saat hujan.",kota,https://www.arcomnews.com/2026/04/reses-ketua-dprd-kota-jambi-berujung.html,2026-06-26
"Namun demikian, solusi ditemukan setelah salah satu warga setempat bersedia menghibahkan sebagian tanahnya untuk mendukung perbaikan infrastruktur tersebut.",tak jelas,https://www.arcomnews.com/2026/04/reses-ketua-dprd-kota-jambi-berujung.html,2026-06-26
Kemas Faried mengapresiasi langkah warga tersebut sebagai bentuk partisipasi aktif dalam pembangunan lingkungan.,tak jelas,https://www.arcomnews.com/2026/04/reses-ketua-dprd-kota-jambi-berujung.html,2026-06-26
Pendekatan langsung yang dilakukan diharapkan dapat mempercepat penanganan persoalan sekaligus meningkatkan kepercayaan masyarakat terhadap kinerja pemerintah.,tak jelas,https://www.arcomnews.com/2026/04/reses-ketua-dprd-kota-jambi-berujung.html,2026-06-26
"Kunjungan ini menjadi bagian dari komitmen Pemerintah Kota Jambi dalam memberikan perhatian langsung kepada masyarakat yang membutuhkan, khususnya dalam bidang kesehatan dan kesejahteraan sosial.",tak jelas,https://www.arcomnews.com/2026/03/wali-kota-maulana-serahkan-bantuan.html,2026-06-26
"Menurutnya, pemerintah telah memenuhi hak-hak ASN sehingga diharapkan seluruh aparatur dapat meningkatkan kinerja seiring tingginya tuntutan masyarakat.",tak jelas,https://www.arcomnews.com/2026/04/wali-kota-maulana-pimpin-apel-perdana.html,2026-06-26
Masyarakat diimbau menunggu keputusan resmi pemerintah sebagai acuan bersama.,tak jelas,https://www.arcomnews.com/2026/03/lebaran-2026-beda-tanggal-ini-prediksi.html,2026-06-26
"ARCOM NEWS, Kota Jambi - Bagi masyarakat Jambi yang membutuhkan perangkat elektronik seperti laptop, printer, atau infocus, ARCOM Rent hadir sebagai solusi praktis dengan layanan sewa yang fleksibel.",tak jelas,https://www.arcomnews.com/2024/11/arcom-rent-solusi-sewa-laptop-printer.html,2026-06-26
Langkah ini diambil sebagai bentuk kepedulian dan tanggung jawab Kodim 0416/Bute terhadap masyarakat yang terdampak banjir.,tak jelas,https://aksara24.id/2024/01/05/kodim-0416-bute-dirikan-dapur-umum-bantu-korban-banjir/,2026-06-27
"Pada saat peninjauan di Tebo Ulu, Dandim Arief Widyanto turut berdialog dengan warga yang terdampak banjir untuk mendengar langsung kebutuhan dan keluhan mereka.",tak jelas,https://aksara24.id/2024/01/05/kodim-0416-bute-dirikan-dapur-umum-bantu-korban-banjir/,2026-06-27
"Diharapkan, langkah-langkah yang diambil oleh Kodim 0416/Bute ini dapat memberikan manfaat dan meringankan beban masyarakat yang terdampak banjir di Kabupaten Tebo.",tak jelas,https://aksara24.id/2024/01/05/kodim-0416-bute-dirikan-dapur-umum-bantu-korban-banjir/,2026-06-27
Dandim juga mengajak seluruh masyarakat dan pihak terkait untuk bersama-sama bergotong royong dalam membantu sesama dan mengatasi dampak bencana banjir ini.,tak jelas,https://aksara24.id/2024/01/05/kodim-0416-bute-dirikan-dapur-umum-bantu-korban-banjir/,2026-06-27
"Di layar televisi dan media sosial, masyarakat melihat program besar dengan anggaran besar.",tak jelas,https://amuranews.id/mbg-dan-pertanyaan-yang-sedang-ditanyakan-rakyat/,2026-06-27
"Melalui momentum Hari Anti Narkotika Internasional Tahun 2026, diharapkan semakin memperkuat sinergi antara TNI, Polri, BNN, pemerintah daerah, aparat penegak hukum, serta seluruh elemen masyarakat dalam mewujudkan Provinsi Jambi yang bersih dari penyalahgunaan dan peredaran gelap narkotika, sekaligus menjaga generasi muda sebagai aset bangsa menuju Indonesia Emas 2045.",tak jelas,https://amuranews.id/danrem-042-gapu-brigjen-tni-nyamin-tegaskan-komitmen-perang-melawan-narkoba-di-peringatan-hani-2026/,2026-06-27
Pemusnahan dilakukan secara terbuka sebagai bentuk transparansi dan akuntabilitas kepada masyarakat.,tak jelas,https://amuranews.id/akbp-wendi-oktariansyah-perkuat-komitmen-berantas-narkoba-dukung-langkah-tegas-kapolda-jambi-pada-hani-2026/,2026-06-27
"AKBP Wendi Oktariansyah menilai bahwa keberhasilan memutus mata rantai peredaran narkotika tidak hanya bergantung pada penindakan aparat, tetapi juga membutuhkan peran aktif masyarakat dalam memberikan informasi serta menjaga lingkungan masing-masing dari pengaruh narkoba.",tak jelas,https://amuranews.id/akbp-wendi-oktariansyah-perkuat-komitmen-berantas-narkoba-dukung-langkah-tegas-kapolda-jambi-pada-hani-2026/,2026-06-27
"Karena itu, sinergi antara Polda Jambi, Polres jajaran, BNN, pemerintah daerah, dan seluruh komponen masyarakat harus terus diperkuat.",tak jelas,https://amuranews.id/akbp-wendi-oktariansyah-perkuat-komitmen-berantas-narkoba-dukung-langkah-tegas-kapolda-jambi-pada-hani-2026/,2026-06-27
"Boy Siregar dikenal aktif membangun sinergi dengan pemerintah daerah, tokoh masyarakat, tokoh agama, dan berbagai elemen masyarakat dalam menjaga situasi keamanan dan ketertiban tetap kondusif.",tak jelas,https://amuranews.id/kombes-boy-siregar-dipercaya-pimpin-brimob-kalsel/,2026-06-27
"Berbagai program pelayanan publik, penguatan kamtibmas, serta pendekatan humanis kepada masyarakat turut mewarnai kepemimpinannya di Kota Jambi.",tak jelas,https://amuranews.id/kombes-boy-siregar-dipercaya-pimpin-brimob-kalsel/,2026-06-27
"Dari Kota Jambi menuju jajaran satuan elite Brimob, langkah pengabdian itu kini berlanjut dengan tanggung jawab yang lebih besar demi menjaga keamanan, ketertiban, dan pelayanan terbaik kepada masyarakat.",tak jelas,https://amuranews.id/kombes-boy-siregar-dipercaya-pimpin-brimob-kalsel/,2026-06-27
"Selama bertugas di Kabupaten Muaro Jambi, AKBP Heri Supriawan dikenal aktif membangun sinergi dengan pemerintah daerah, tokoh masyarakat, serta berbagai elemen masyarakat dalam menjaga situasi keamanan dan ketertiban tetap kondusif.",tak jelas,https://amuranews.id/dari-muaro-jambi-ke-polda-akbp-heri-supriawan-raih-promosi-strategis/,2026-06-27
Berbagai program pelayanan kepolisian juga terus didorong guna meningkatkan kehadiran Polri di tengah masyarakat.,tak jelas,https://amuranews.id/dari-muaro-jambi-ke-polda-akbp-heri-supriawan-raih-promosi-strategis/,2026-06-27
"Dari Muaro Jambi menuju Polda Jambi, langkah pengabdian itu kini berlanjut dengan tanggung jawab yang lebih luas demi mewujudkan pelayanan Polri yang Presisi dan semakin dekat dengan masyarakat.",tak jelas,https://amuranews.id/dari-muaro-jambi-ke-polda-akbp-heri-supriawan-raih-promosi-strategis/,2026-06-27
"Semoga dapat menjalankan tugas dengan penuh tanggung jawab, menjaga soliditas, serta terus menghadirkan pelayanan Polri yang Presisi bagi masyarakat Provinsi Jambi,” tutupnya.",tak jelas,https://amuranews.id/mutasi-besar-di-polda-jambi-sejumlah-pejabat-strategis-berganti-posisi/,2026-06-27
"Midar, Kabid di Dinas Pemberdayaan Masyarakat Desa (PMD) yang menangani pemerintahan desa, memilih berlindung di balik hierarki.",tak jelas,https://bacahukum.com/2026/06/25/ngotot-diperingatkan-hakim-panitia-paw-kades-benteng-rendah-jalan-terus-gelar-pemilihan/,2026-06-28
Surat yang ditulis oleh “Putra Sarolangun sebagai Masyarakat yang diduga juga salah satu ASN yang Menginginkan Transparansi” itu kini menjadi senjata perlawanan kaum birokrat yang selama ini disebut hidup dalam tekanan.,tak jelas,https://bacahukum.com/2026/06/24/hak-asn-dipaketnya-giliran-bayar-tutup-mata-skandal-gaji-ke-13-di-batang-hari-minta-darah-kejati-jambi/,2026-06-28
Pemohon juga menilai bahwa perkembangan masyarakat saat ini menunjukkan semakin banyak perempuan yang memiliki kesempatan dan kemampuan yang sama untuk berpartisipasi dalam dunia kerja maupun ruang publik.,tak jelas,https://bacahukum.com/2026/06/24/mk-tegaskan-pasal-uu-perkawinan-tidak-melarang-istri-bekerja-dan-mencari-nafkah/,2026-06-28
Masyarakat juga dianjurkan melakukan pengecekan status tanah secara menyeluruh sebelum melakukan transaksi agar dapat mengetahui kondisi administrasi bidang tanah yang akan dibeli.,tak jelas,https://bacahukum.com/2026/06/24/atr-bpn-ingatkan-pemilik-sertifikat-lama-risiko-tumpang-tindih-masih-mengintai/,2026-06-28
"Pemerintah Kota Jambi, lanjut Diza, akan terus mendukung berbagai kegiatan keagamaan yang melibatkan masyarakat luas.",tak jelas,https://bacahukum.com/2026/03/06/wawako-jambi-diza-dorong-pesantren-ramadan-dan-majelis-taklim-bangun-masyarakat-religius/,2026-06-28
"Hal ini sejalan dengan upaya pemerintah dalam mewujudkan masyarakat yang religius, rukun, dan memiliki kepedulian sosial yang tinggi.",tak jelas,https://bacahukum.com/2026/03/06/wawako-jambi-diza-dorong-pesantren-ramadan-dan-majelis-taklim-bangun-masyarakat-religius/,2026-06-28
"Menurutnya, sinergi antara pemerintah, tokoh agama, dan masyarakat menjadi kunci penting dalam membangun kehidupan sosial yang harmonis serta memperkuat ukhuwah Islamiyah di tengah masyarakat.",tak jelas,https://bacahukum.com/2026/03/06/wawako-jambi-diza-dorong-pesantren-ramadan-dan-majelis-taklim-bangun-masyarakat-religius/,2026-06-28
"“Sinergi antara pemerintah dan masyarakat sangat penting untuk memajukan adat dan tradisi kami,” tambahnya.",tak jelas,https://bacahukum.com/2025/07/03/meriahkan-hut-pertama-kbrj-jambi-sematkan-gelar-tuanku-suri-marajo-alam-ke-bupati-bungo/,2026-06-28
BacaHukum.com – Pemerintah terus mematangkan Rancangan Undang-Undang (RUU) tentang Perubahan atas Undang-Undang Nomor 39 Tahun 1999 tentang Hak Asasi Manusia (HAM) sebagai upaya menjawab tantangan perlindungan hak warga negara di era digital.,tak jelas,https://bacahukum.com/2026/06/23/revisi-uu-ham-hadirkan-hak-untuk-dilupakan-di-ruang-digital-dan-perlindungan-aktivis-dari-kriminalisasi/,2026-06-28
"Dalam pengelolaannya, pemerintah berencana membentuk komite khusus yang melibatkan unsur masyarakat sipil, kalangan akademisi, serta perwakilan pemerintah.",tak jelas,https://bacahukum.com/2026/06/23/revisi-uu-ham-hadirkan-hak-untuk-dilupakan-di-ruang-digital-dan-perlindungan-aktivis-dari-kriminalisasi/,2026-06-28
"Keberadaan dana abadi tersebut diharapkan dapat memperkuat berbagai program perlindungan HAM, pendidikan demokrasi, hingga pendampingan masyarakat yang selama ini dijalankan oleh organisasi masyarakat sipil.",tak jelas,https://bacahukum.com/2026/06/23/revisi-uu-ham-hadirkan-hak-untuk-dilupakan-di-ruang-digital-dan-perlindungan-aktivis-dari-kriminalisasi/,2026-06-28
"Dukungan bagi Pendamping Masyarakat Adat
Pemerintah juga membuka peluang bagi organisasi yang bergerak di bidang demokrasi dan HAM untuk memperoleh dukungan pendanaan melalui mekanisme yang akan diatur lebih lanjut.",tak jelas,https://bacahukum.com/2026/06/23/revisi-uu-ham-hadirkan-hak-untuk-dilupakan-di-ruang-digital-dan-perlindungan-aktivis-dari-kriminalisasi/,2026-06-28
"“Dukungan finansial tersebut diharapkan mampu memperkuat kerja para pendamping masyarakat adat hingga akar rumput dalam menjangkau area-area yang selama ini belum tersentuh oleh pemerintah,” jelasnya.",tak jelas,https://bacahukum.com/2026/06/23/revisi-uu-ham-hadirkan-hak-untuk-dilupakan-di-ruang-digital-dan-perlindungan-aktivis-dari-kriminalisasi/,2026-06-28
"ASN Batanghari Kena Prank dan Di-PHP oleh Kaban Bakeuda Tesar Arlin Admin28 Februari 202528 Februari 202515 mins
Berita Pasca Heboh Sengketa Pilkada, 5 Mobil Dinas KPU Bungo Ditarik Admin28 Februari 202528 Februari 202502 mins
Berita Kerap Meresahkan, Warga Kota Jambi Ramai-ramai Tangkap Geng Motor Admin28 Februari 202528 Februari 202504 mins
Berita Tilang Manual di Jambi Melonjak, Tapi Angka Kecelakaan Justru Menurun Admin27 Februari 202527 Februari 202503 mins
Berita BPK RI Perwakilan Jambi Gelar Pemeriksaan Mendalam di Islamic Center Batanghari: Dugaan Kuat Korupsi dan Penyimpangan Anggaran Rp20 Miliar Admin27 Februari 202527 Februari 202505 mins",tak jelas,https://bacahukum.com/2025/02/,2026-06-28
Pengendara mobil bersama satu penumpang menderita luka dilarikan ke rumah sakit terdekat.,tak jelas,https://aksara24.id/2022/05/21/dikendarai-mobil-disaat-mabuk-wanita-ini-menabrak-tiang-hingga-masuk-parit/,2026-06-29
"Kepala Jasa Raharja Cabang Jambi menyampaikan rasa belasungkawa kepada pihak keluarga korban, “Semoga korban dan pihak keluarga diberikan ketabahan atas musibah kecelakaan yang terjadi, pegawai mobile service Cabang Jambi jemput bola mengunjungi rumah duka untuk memastikan ahli waris yang sah untuk menyampaikan hak santunan meninggal dunia, sedangkan penumpang sepeda motor yang mengalami luka-luka dan masih dalam perawatan di rumah sakit diterbitkan surat jaminan biaya rawatan, jelas Donny.",tak jelas,https://aksara24.id/2022/12/26/pam-natal-2022-jasa-raharja-jambi-selesaikan-hak-santunan-korban-kecelakaan-di-thehok/,2026-06-29
"Semoga seluruh masyarakat Jambi tetap berhati-hati dalam berkendara, saling menghormati sesama pengguna jalan umum, agar kecelakaan lalu lintas dapat dihindari, Jasa Raharja Cabang Jambi terpercaya menilndungi Bangsa.",tak jelas,https://aksara24.id/2022/12/26/pam-natal-2022-jasa-raharja-jambi-selesaikan-hak-santunan-korban-kecelakaan-di-thehok/,2026-06-29
"Kepala PT Jasa Raharja Jambi, Donny Koesprayitno mengatakan, semua penumpang maupun warga sekitar yang ingin memanfaatkan pelayanan kesehatan yang disediakan untuk mengecek kondisi tubuhnya dipersilakan dan dilayani secara gratis oleh pihak Jasa Raharja.",tak jelas,https://aksara24.id/2023/12/06/jasa-raharja-dan-biddokes-polda-jambi-sediakan-layanan-kesehatan-gratis/,2026-06-30
"34 tahun 1964 tentang Dana Pertanggungan Wajib Kecelakaan Penumpang dan Dana Pertanggungan Wajib Kecelakaan Lalu Lintas Jalan, Jasa Raharja berkomitmen untuk memberikan layanan terbaik kepada masyarakat.",tak jelas,https://aksara24.id/2023/12/06/jasa-raharja-dan-biddokes-polda-jambi-sediakan-layanan-kesehatan-gratis/,2026-06-30
Ia menambahkan bahwa pembangunan jalan ini diharapkan dapat meningkatkan perekonomian masyarakat dan mempercepat pembangunan serta pengembangan Desa Tebias agar tidak tertinggal dari desa lainnya.,tak jelas,https://aksara24.id/2024/07/06/desa-tebias-bangun-jalan-tok-jais-dengan-dana-desa-2024/,2026-06-30
"“Dana Desa yang kami terima dari Pemerintah Pusat, meskipun terbatas, merupakan peluang yang harus dimanfaatkan sebaik-baiknya untuk pembangunan demi kemajuan Desa Tebias, sesuai harapan masyarakat dan harapan kita bersama,” tutup Nazarudin.",tak jelas,https://aksara24.id/2024/07/06/desa-tebias-bangun-jalan-tok-jais-dengan-dana-desa-2024/,2026-06-30
"Mengusung tema “Polri Untuk Masyarakat”, kegiatan tersebut menjadi momentum penting dalam memperkuat sinergitas, soliditas, dan kebersamaan antara aparat penegak hukum, instansi pemerintah, serta seluruh elemen masyarakat.",tak jelas,https://amuranews.id/hari-bhayangkara-ke-80-polda-jambi-kobarkan-semangat-sinergi-tni-polri-dan-masyarakat/,2026-06-30
"“Hari Bhayangkara bukan hanya momentum mengenang sejarah pengabdian Polri, tetapi juga menjadi pengingat akan pentingnya sinergitas dan soliditas antara TNI, Polri, instansi pemerintah, serta seluruh komponen masyarakat dalam menjaga keamanan dan ketertiban di Provinsi Jambi,” ujarnya.",tak jelas,https://amuranews.id/hari-bhayangkara-ke-80-polda-jambi-kobarkan-semangat-sinergi-tni-polri-dan-masyarakat/,2026-06-30
"Dengan kondisi jalan yang semakin mantap, mobilitas warga diharapkan menjadi lebih lancar, distribusi hasil pertanian dan perkebunan semakin efisien, serta aktivitas ekonomi masyarakat di wilayah tersebut dapat terus berkembang.",tak jelas,https://www.angsoduo.net/2026/06/putr-provinsi-jambi-kebut-perbaikan-jalan-ranah-pemetik-progres-capai-45-persen,2026-06-30
"Pemerintah Provinsi Jambi optimistis pemeliharaan ruas Jalan Ranah Pemetik akan memberikan manfaat nyata bagi masyarakat, tidak hanya dalam meningkatkan aksesibilitas, tetapi juga mendukung pertumbuhan ekonomi dan pemerataan pembangunan di daerah.",tak jelas,https://www.angsoduo.net/2026/06/putr-provinsi-jambi-kebut-perbaikan-jalan-ranah-pemetik-progres-capai-45-persen,2026-06-30
"Jika setiap mantan narapidana terus-menerus diposisikan sebagai terdakwa di ruang publik, maka hukum kehilangan salah satu tujuan utamanya, yaitu memberi kesempatan bagi seseorang untuk kembali menjadi bagian dari masyarakat.",tak jelas,https://bacahukum.com/2026/06/28/batasan-politis-dan-yuridis-dalam-menghukum-tanpa-akhir/,2026-07-01
"Signifikansi Putusan
Selama proses persidangan, MK telah mendengarkan keterangan dari berbagai pihak, termasuk perwakilan DPR sebagai pembentuk undang-undang, pemerintah, serta para pemohon dan ahli mereka.",tak jelas,https://bacahukum.com/2025/09/17/mk-kembali-gelar-sidang-putusan-uji-formil-uu-tni-dan-uu-bumn/,2026-07-01
"Seorang warga Nias Selatan yang berinisial IRW (58) menyampaikan rasa terima kasihnya kepada pemerintah pusat atas pembangunan ini.Ia menambahkan bahwa selama ini pemadaman listrik yang berkepanjangan telah menjadi masalah serius bagi masyarakat di Kepulauan Nias, sehingga penambahan daya listrik ini diharapkan bisa memberikan solusi jangka panjang.",tak jelas,https://aksara24.id/2024/07/18/warga-nias-selatan-sambut-baik-pembangunan-pltd-10-mw-di-teluk-dalam-untuk-atasi-pemadaman-listrik/,2026-07-02
"Mereka berharap bahwa pemerintah dan PLN akan terus berkomitmen untuk meningkatkan infrastruktur listrik di seluruh wilayah Kepulauan Nias, demi kesejahteraan dan kemajuan masyarakat setempat.",tak jelas,https://aksara24.id/2024/07/18/warga-nias-selatan-sambut-baik-pembangunan-pltd-10-mw-di-teluk-dalam-untuk-atasi-pemadaman-listrik/,2026-07-02
"“Dengan adanya kebijakan ini, masyarakat tidak perlu lagi membayar biaya denda keterlambatan, sehingga diharapkan akan lebih tergugah untuk segera mengurus administrasi kendaraannya dan membayar pajak,” ungkap Rivan.",tak jelas,https://aksara24.id/2022/10/14/jasa-raharja-imbau-masyarakat-untuk-lebih-taat-membayar-pajak-kendaraan/,2026-07-02
"Mengusung tema “Polri untuk Masyarakat”, kegiatan tersebut dihadiri sekitar 800 tamu undangan dari berbagai unsur, mulai dari Forkopimda, TNI, Kejaksaan, pemerintah daerah, tokoh agama, tokoh masyarakat, akademisi, organisasi kepemudaan, organisasi mahasiswa, sesepuh Polri hingga insan pers.",tak jelas,https://amuranews.id/puncak-hari-bhayangkara-ke-80-polda-jambi-tegaskan-komitmen-polri-untuk-masyarakat/,2026-07-02
“Kami juga memohon maaf kepada masyarakat apabila masih terdapat perilaku anggota Polri yang belum memenuhi harapan publik.,tak jelas,https://amuranews.id/puncak-hari-bhayangkara-ke-80-polda-jambi-tegaskan-komitmen-polri-untuk-masyarakat/,2026-07-02
"Ia mengapresiasi dedikasi Polri dalam menjaga stabilitas keamanan daerah serta menekankan pentingnya sinergi antara Polri, pemerintah daerah, dan seluruh elemen masyarakat dalam menghadapi tantangan keamanan yang semakin kompleks.",tak jelas,https://amuranews.id/puncak-hari-bhayangkara-ke-80-polda-jambi-tegaskan-komitmen-polri-untuk-masyarakat/,2026-07-02
"Momentum Hari Bhayangkara kali ini tidak hanya menjadi seremoni tahunan, namun juga menjadi ajang refleksi serta penguatan komitmen Polri dalam memberikan pelayanan terbaik kepada masyarakat.",tak jelas,https://amuranews.id/hari-bhayangkara-ke-80-menggema-di-jambi-kapolda-tegaskan-polri-hadir-untuk-masyarakat/,2026-07-02
"Peringatan Hari Bhayangkara ke-80 ini juga menjadi simbol kuat komitmen Polda Jambi dalam meningkatkan pelayanan publik, memperkuat penegakan hukum yang berkeadilan, serta menjaga stabilitas keamanan di tengah masyarakat.",tak jelas,https://amuranews.id/hari-bhayangkara-ke-80-menggema-di-jambi-kapolda-tegaskan-polri-hadir-untuk-masyarakat/,2026-07-02
"Kegiatan tersebut menjadi wujud rasa syukur sekaligus ikhtiar bersama dalam memohon keselamatan, kedamaian, dan kelancaran pelaksanaan tugas Polri dalam memberikan perlindungan, pengayoman, dan pelayanan kepada masyarakat.",tak jelas,https://amuranews.id/hari-bhayangkara-ke-80-jadi-sorotan-polda-jambi-gelar-doa-lintas-agama-komitmen-berantas-geng-motor-menguat/,2026-07-02
Pernyataan tersebut menjadi perhatian karena menunjukkan keseriusan pemerintah daerah bersama aparat penegak hukum dalam menjaga keamanan dan memberikan rasa aman kepada masyarakat.,tak jelas,https://amuranews.id/hari-bhayangkara-ke-80-jadi-sorotan-polda-jambi-gelar-doa-lintas-agama-komitmen-berantas-geng-motor-menguat/,2026-07-02
"Karena itu, sinergi antara pemerintah daerah, TNI, Polri, Forkopimda, tokoh agama, tokoh masyarakat, insan pers, dan seluruh elemen masyarakat harus terus diperkuat,” tambahnya.",tak jelas,https://www.angsoduo.net/2026/07/gubernur-al-haris-hadiri-upacara-hari-bhayangkara-ke-80-apresiasi-pengabdian-polri-untuk-bangsa-dan-daerah,2026-07-02
"Peringatan Hari Bhayangkara ke-80 di Provinsi Jambi menjadi momentum memperkokoh komitmen bersama antara Pemerintah Provinsi Jambi, Polri, TNI, dan seluruh komponen masyarakat untuk terus menjaga keamanan, memperkuat persatuan, serta mendukung terwujudnya pembangunan daerah yang maju, aman, dan sejahtera.",tak jelas,https://www.angsoduo.net/2026/07/gubernur-al-haris-hadiri-upacara-hari-bhayangkara-ke-80-apresiasi-pengabdian-polri-untuk-bangsa-dan-daerah,2026-07-02
"Misalnya, pada awal 2023, seorang pengguna bernama Rina kehilangan Rp15 juta karena mengirimkan foto KTP ke “pinjol” yang tidak terdaftar di OJK.",tak jelas,https://www.angsoduo.net/2026/07/cara-cek-pinjol-legal-6a46a7c06d788,2026-07-03
"Acara pembukaan yang berlangsung meriah di Taman Mini Melayu Jambi dihadiri oleh perwakilan pemerintah provinsi dan kabupaten, tokoh adat, pelaku seni budaya, pelaku UMKM, serta masyarakat umum.",tak jelas,https://www.angsoduo.net/2026/06/gubernur-al-haris-buka-pekan-kebudayaan-daerah-jambi-elok-nian,2026-07-03
"Integritas harus menjadi budaya kerja yang melekat dalam setiap pelayanan kepada masyarakat,” tegasnya.",tak jelas,https://www.angsoduo.net/2026/06/rri-jambi-canangkan-zona-integritas-gubernur-al-haris-tekankan-budaya-kerja-berintegritas,2026-07-03
"Pada kesempatan tersebut, Dadan juga memohon dukungan dari Pemerintah Provinsi Jambi, para pemangku kepentingan, serta masyarakat luas untuk turut mengawasi jalannya pelayanan publik di lingkungan RRI Jambi.",tak jelas,https://www.angsoduo.net/2026/06/rri-jambi-canangkan-zona-integritas-gubernur-al-haris-tekankan-budaya-kerja-berintegritas,2026-07-03
"Dewi menyampaikan, Jasa Raharja sebagai BUMN yang mendapat amanat untuk memberikan perlindungan dasar kepada masyarakat, senantiasa berkomitmen untuk memberikan pelayanan terbaik yang mudah, cepat, dan tepat.",tak jelas,https://aksara24.id/2023/12/08/jasa-raharja-jamin-seluruh-korban-kecelakaan-minibus-yang-terseret-truk-tronton-di-mukomuko/,2026-07-05
"Atas musibah tersebut, Dewi mengimbau kepada para pengguna jalan raya agar senantiasa waspada dan berhati-hati, karena musibah kecelakaan bisa menimpa siapa saja.",tak jelas,https://aksara24.id/2023/12/08/jasa-raharja-jamin-seluruh-korban-kecelakaan-minibus-yang-terseret-truk-tronton-di-mukomuko/,2026-07-05
"“Kami terus mengingatkan para pengguna jalan raya agar selalu mematuhi aturan berlalu lintas, serta memastikan kelaikan kendaraan sebelum digunakan untuk meminimalisasi terjadinya kecelakaan,” imbuhnya.",tak jelas,https://aksara24.id/2023/12/08/jasa-raharja-jamin-seluruh-korban-kecelakaan-minibus-yang-terseret-truk-tronton-di-mukomuko/,2026-07-05
"Kondisi tersebut sangat mendukung meningkatnya permintaan dan kebutuhan masyarakat terhadap berbagai inovasi atas produk dan layanan jasa keuangan, yang lebih mudah dan nyaman untuk dapat diakses secara digital.",tak jelas,https://aksara24.id/2024/11/15/ifse-2024-kolaborasi-fintech-dorong-inovasi-dan-inklusi-keuangan-masa-depan-keuangan-lebih-cerah/,2026-07-05
Kolaborasi akan mempercepat proses digitalisasi lembaga keuangan dan memperluas akses layanan keuangan bagi masyarakat.,tak jelas,https://aksara24.id/2024/11/15/ifse-2024-kolaborasi-fintech-dorong-inovasi-dan-inklusi-keuangan-masa-depan-keuangan-lebih-cerah/,2026-07-05
AFTECH tetap mengajak partisipasi aktif masyarakat untuk terlibat dalam rangkaian Bulan Fintech Nasional (BFN) 2024 yang dapat diakses melalui www.bulanfintechnasional.com serta tetap menggaungkan kampanye digital #GueAFIN dan #SiPalingFintech untuk lebih memahami dan memanfaatkan layanan fintech dalam kehidupan sehari-hari.,tak jelas,https://aksara24.id/2024/11/15/ifse-2024-kolaborasi-fintech-dorong-inovasi-dan-inklusi-keuangan-masa-depan-keuangan-lebih-cerah/,2026-07-05
"Hampir setiap hari masyarakat disuguhi berita tentang kasus korupsi, penyalahgunaan jabatan, dan berbagai persoalan yang membuat orang mengernyitkan dahi.",tak jelas,https://amuranews.id/j-u-j-u-r/,2026-07-05
"Di sisi lain, masyarakat melihat ada kesan seolah jabatan kadang diperlakukan seperti proyek investasi.",tak jelas,https://amuranews.id/j-u-j-u-r/,2026-07-05
"Sinergi antara pemerintah daerah, lembaga adat, tokoh masyarakat, dan seluruh elemen masyarakat diharapkan mampu menjadikan kegiatan ini sebagai salah satu agenda budaya unggulan yang tidak hanya melestarikan tradisi, tetapi juga mendorong pengembangan pariwisata budaya di Kota Sungai Penuh.",tak jelas,https://www.angsoduo.net/2026/07/gubernur-al-haris-dianugerahi-gelar-adat-kehormatan-depati-amanah-negroi-tanoh-sunge-pnoh,2026-07-05
"Untuk meningkatkan semangat dan partisipasi masyarakat, PKK hadir dan menggerakkan peran serta PKK tingkat kabupaten/kota bekerjasama dengan Biro Kesejahteraan Rakyat (Kesra) Pemerintah Provinsi.",tak jelas,https://www.angsoduo.net/2026/07/hesti-haris-luncurkan-gerakan-30-menit-bisa-baca-al-quran-guru-agama-se-jambi-ikut-pelatihan-besar,2026-07-05
Ia juga menekankan pentingnya kolaborasi antara pemerintah daerah dan masyarakat dalam mengimplementasikan program ini.,tak jelas,https://www.angsoduo.net/2026/07/hesti-haris-luncurkan-gerakan-30-menit-bisa-baca-al-quran-guru-agama-se-jambi-ikut-pelatihan-besar,2026-07-05
".u33985b64488797b1638dd855c575276e { padding:0px; margin: 0; padding-top:1em!important; padding-bottom:1em!important; width:100%; display: block; font-weight:bold; background-color:#eaeaea; border:0!important; border-left:4px solid #34495E!important; text-decoration:none; } .u33985b64488797b1638dd855c575276e:active, .u33985b64488797b1638dd855c575276e:hover { opacity: 1; transition: opacity 250ms; webkit-transition: opacity 250ms; text-decoration:none; } .u33985b64488797b1638dd855c575276e { transition: background-color 250ms; webkit-transition: background-color 250ms; opacity: 1; transition: opacity 250ms; webkit-transition: opacity 250ms; } .u33985b64488797b1638dd855c575276e .ctaText { font-weight:bold; color:#464646; text-decoration:none; font-size: 16px; } .u33985b64488797b1638dd855c575276e .postTitle { color:#000000; text-decoration: underline!important; font-size: 16px; } .u33985b64488797b1638dd855c575276e:hover .postTitle { text-decoration: underline!important; } 
Baca juga:
Â  Lampu Jalan Tak Hidup Masjid Agung Al Abror Muaro Jambi Dipalang Portal
âHalal Bihalal ini menjadi ajang berkumpulnya keluarga besar Alumni PMII Provinsi Jambi dan Pemerintah Provinsi Jambi, sebagai mitra yang dapat saling mendukung dan memperkuat sinergi dalam merawat nilai kebersamaan dan harmoni sosial, serta memajukan program-program organisasi dan pemerintah, demi kepentingan masyarakat dan daerah,â lanjutnya.",tak jelas,https://awasi.id/umum/awasi-wagub-sani-apresiasi-peran-ika-pmii-membangun-provinsi-jambi,2026-07-05
"Selain itu, pengunjung juga dapat menikmati layanan pemeriksaan asam urat secara cuma-cuma.",tak jelas,https://aksara24.id/2024/11/14/grand-opening-klinik-pratama-16-medika-tawarkan-promo-menarik-dengan-layanan-terjangkau/,2026-07-06
"Dengan hanya Rp65.000, pasien sudah bisa berkonsultasi langsung dengan dokter, mendapatkan suntikan, serta menerima obat.",tak jelas,https://aksara24.id/2024/11/14/grand-opening-klinik-pratama-16-medika-tawarkan-promo-menarik-dengan-layanan-terjangkau/,2026-07-06
"“Semoga Klinik Pratama 16 Medika dapat memberikan manfaat besar, terjangkau dari segi biaya, dan memberikan pelayanan terbaik bagi masyarakat Jambi,” ujar dr.",tak jelas,https://aksara24.id/2024/11/14/grand-opening-klinik-pratama-16-medika-tawarkan-promo-menarik-dengan-layanan-terjangkau/,2026-07-06
Klinik Pratama 16 Medika berkomitmen untuk terus memberikan layanan kesehatan berkualitas dengan biaya yang terjangkau bagi masyarakat Kota Jambi.,tak jelas,https://aksara24.id/2024/11/14/grand-opening-klinik-pratama-16-medika-tawarkan-promo-menarik-dengan-layanan-terjangkau/,2026-07-06
"Tokoh masyarakat dan panitia acara, menyampaikan masalah jembatan dan banjir yang kerap melanda kawasan Tanjung Pauh mudik terutama saat hujan deras dari aliran hulu.",tak jelas,https://www.angsoduo.net/2026/07/gubernur-al-haris-harap-kenduri-sko-jadi-pemersatu-dan-dorong-perbaikan-sarana-desa,2026-07-06
"Untuk itu, saya mengajak seluruh lapisan masyarakat, tokoh adat, serta keluarga untuk bersama-sama melakukan pengawasan, pendidikan nilai, dan pembinaan generasi muda,” lanjutnya.",tak jelas,https://www.angsoduo.net/2026/07/gubernur-al-haris-harap-kenduri-sko-jadi-pemersatu-dan-dorong-perbaikan-sarana-desa,2026-07-06
Kegiatan yang berlangsung di area Rumah Sakit Umum Bukit Tengah ini menandai dimulainya pengerjaan fisik proyek yang diharapkan meningkatkan layanan kesehatan bagi masyarakat Kabupaten Kerinci dan sekitarnya.,tak jelas,https://www.angsoduo.net/2026/07/gubernur-al-haris-letakkan-batu-pertama-pembangunan-rsud-bukit-tengah-di-kerinci,2026-07-06
Peletakan batu pertama ini menandai dimulainya pembangunan fasilitas kesehatan yang diharapkan mampu memberikan pelayanan cepat dan komprehensif bagi masyarakat Kabupaten Kerinci dan sekitarnya.,tak jelas,https://www.angsoduo.net/2026/07/gubernur-al-haris-letakkan-batu-pertama-pembangunan-rsud-bukit-tengah-di-kerinci,2026-07-06
"Albdullah Sani, M.Pd.I membuka Pasar Murah Ramadhan 1446 H yang diselenggarakan oleh Tim Penggerak Pembinaan Kesejahteraan Keluarga (TP-PKK) Provinsi Jambi yang bertujuan untuk membantu warga setempat mendapatkan kebutuhan bahan pokok (sembako) dengan harga yang terjangkau, bertempat di Halaman Kantor TP-PKK Provinsi Jambi, Rabu (05/03/2025) pagi.",tak jelas,https://awasi.id/ekonomi/awasi-wagub-sani-minta-penyelenggaraan-pasar-murah-utamakan-masyarakat-kurang-mampu-jambi-diskominfo-provinsi-jambi,2026-07-06
"Upaya TP-PKK Provinsi Jambi ini menjadi salah satu wujud kontribusi besar dalam rangka mewujudkan ketahanan pangan serta kestabilan harga pangan, yang bermuara pada kesejahteraan masyarakat,â katanya.",tak jelas,https://awasi.id/ekonomi/awasi-wagub-sani-minta-penyelenggaraan-pasar-murah-utamakan-masyarakat-kurang-mampu-jambi-diskominfo-provinsi-jambi,2026-07-06
Hesnidar Haris dalam sambutannya mengatakan bahwa kegiatan ini merupakan upaya pihaknya membantu dan mendukung pemerintah dalam dalam melayani masyarakat serta memberikan kesempatan kepada masyarakat umum untuk bisa mendapatkan harga bahan pokok yang terjangkau disaat bulan puasa ini.,tak jelas,https://awasi.id/ekonomi/awasi-wagub-sani-minta-penyelenggaraan-pasar-murah-utamakan-masyarakat-kurang-mampu-jambi-diskominfo-provinsi-jambi,2026-07-06
"âKami tahu bahwa betapa berat dan betapa besarnya tugas pemerintah maka kami juga dengan berbagai upaya ingin membantu pemerintah melayani masyarakat dan memberikan manfaat kepada masyarakat,â tambahnya.",tak jelas,https://awasi.id/ekonomi/awasi-wagub-sani-minta-penyelenggaraan-pasar-murah-utamakan-masyarakat-kurang-mampu-jambi-diskominfo-provinsi-jambi,2026-07-06
"14 Tahun 2008
 tentang Keterbukaan Informasi Publik, yang mengharuskan lembaga publik memberikan akses informasi kepada masyarakat.",tak jelas,https://awasi.id/ekonomi/awasi-rokok-ilegal-aman-aspirasi-rakyat-ditolak-bea-cukai-jambi-hanya-jadi-beban-gaji-negara,2026-07-06
"25 Tahun 2009
 tentang Pelayanan Publik, yang mewajibkan setiap badan publik untuk melayani setiap warga negara yang datang untuk membuat laporan, baik secara lisan maupun tertulis.",tak jelas,https://awasi.id/ekonomi/awasi-rokok-ilegal-aman-aspirasi-rakyat-ditolak-bea-cukai-jambi-hanya-jadi-beban-gaji-negara,2026-07-06
".uefc046e34c4d7ad7f5439567bf4803fc { padding:0px; margin: 0; padding-top:1em!important; padding-bottom:1em!important; width:100%; display: block; font-weight:bold; background-color:#eaeaea; border:0!important; border-left:4px solid #34495E!important; text-decoration:none; } .uefc046e34c4d7ad7f5439567bf4803fc:active, .uefc046e34c4d7ad7f5439567bf4803fc:hover { opacity: 1; transition: opacity 250ms; webkit-transition: opacity 250ms; text-decoration:none; } .uefc046e34c4d7ad7f5439567bf4803fc { transition: background-color 250ms; webkit-transition: background-color 250ms; opacity: 1; transition: opacity 250ms; webkit-transition: opacity 250ms; } .uefc046e34c4d7ad7f5439567bf4803fc .ctaText { font-weight:bold; color:#464646; text-decoration:none; font-size: 16px; } .uefc046e34c4d7ad7f5439567bf4803fc .postTitle { color:#000000; text-decoration: underline!important; font-size: 16px; } .uefc046e34c4d7ad7f5439567bf4803fc:hover .postTitle { text-decoration: underline!important; } 
Baca juga:
Â  Program Santri Warga Binaan: Transformasi Kepribadian di Lapas Muara Tebo
Sikap Bea Cukai Jambi menunjukkan bahwa mereka lebih peduli pada kenyamanan pribadi
 daripada tanggung jawab publik.",tak jelas,https://awasi.id/ekonomi/awasi-rokok-ilegal-aman-aspirasi-rakyat-ditolak-bea-cukai-jambi-hanya-jadi-beban-gaji-negara,2026-07-06
Tujuan utama dari upaya ini adalah untuk memastikan bahwa harga barang turun dan masyarakat merasakan manfaatnya secara langsung.,tak jelas,https://aksara24.id/2023/10/27/dprd-kota-jambi-desak-pemerintah-tingkatkan-operasi-pasar-dan-giat-pangan-murah/,2026-07-07
"Dalam usahanya mengendalikan inflasi, Pemerintah Kota Jambi menjalankan berbagai program yang dirancang untuk melindungi kepentingan masyarakat dalam hal harga pangan yang wajar dan stabil.",tak jelas,https://aksara24.id/2023/10/27/dprd-kota-jambi-desak-pemerintah-tingkatkan-operasi-pasar-dan-giat-pangan-murah/,2026-07-07
Warga dan pekerja mengaku heran bagaimana mungkin seorang pegawai honorer bisa sedemikian hebat hingga menguasai pengadaan proyek.,tak jelas,https://awasi.id/teknologi/awasi-rudi-honorer-paling-pintar-duit-proyek-cair-pekerja-ditingal-pergi,2026-07-07
"Naziruddin diduga melanggar aturan kepegawaian
 dan prosedur pengadaan barang/jasa pemerintah
, sekaligus membuat warga dan pekerja dirugikan.",tak jelas,https://awasi.id/teknologi/awasi-rudi-honorer-paling-pintar-duit-proyek-cair-pekerja-ditingal-pergi,2026-07-07
"AMURANEWS | Kepolisian Daerah (Polda) Jambi melalui Bidang Hubungan Masyarakat (Bidhumas) menggelar Diskusi Publik Bidhumas Polda Jambi Tahun 2026 di Hotel Odua Weston Jambi, Selasa (7/7/2026).",tak jelas,https://amuranews.id/perkuat-sinergi-dengan-media-dan-akademisi-polda-jambi-gelar-diskusi-publik-bangun-citra-polri-inspiratif-di-era-digital/,2026-07-08
"Mengusung tema “Polri Untuk Masyarakat, Bersama Media Membangun Citra Polri yang Inspiratif di Era Digital”, kegiatan ini menjadi momentum memperkuat kolaborasi antara Polri, media massa, akademisi, mahasiswa, dan masyarakat dalam menghadapi tantangan komunikasi publik di tengah pesatnya perkembangan teknologi informasi.",tak jelas,https://amuranews.id/perkuat-sinergi-dengan-media-dan-akademisi-polda-jambi-gelar-diskusi-publik-bangun-citra-polri-inspiratif-di-era-digital/,2026-07-08
"Selain itu, peserta juga mendapat inspirasi dari Aipda Arjunif, S.IP., Bhabinkamtibmas Polres Bungo, yang membagikan pengalaman mengenai dedikasi, inovasi, serta pelayanan kepada masyarakat hingga mampu meraih berbagai prestasi.",tak jelas,https://amuranews.id/perkuat-sinergi-dengan-media-dan-akademisi-polda-jambi-gelar-diskusi-publik-bangun-citra-polri-inspiratif-di-era-digital/,2026-07-08
"Erlan Munaji menyampaikan bahwa Diskusi Publik Bidhumas Polda Jambi merupakan wujud komitmen institusi dalam memperkuat komunikasi publik yang profesional, transparan, serta berorientasi pada pelayanan masyarakat.",tak jelas,https://amuranews.id/perkuat-sinergi-dengan-media-dan-akademisi-polda-jambi-gelar-diskusi-publik-bangun-citra-polri-inspiratif-di-era-digital/,2026-07-08
"“Melalui diskusi publik ini, kami ingin mempererat sinergi bersama media, akademisi, mahasiswa, serta masyarakat agar bersama-sama menangkal hoaks, meningkatkan literasi digital, dan menghadirkan informasi yang kredibel.",tak jelas,https://amuranews.id/perkuat-sinergi-dengan-media-dan-akademisi-polda-jambi-gelar-diskusi-publik-bangun-citra-polri-inspiratif-di-era-digital/,2026-07-08
"Polda Jambi akan terus membuka ruang dialog dan kolaborasi sebagai upaya membangun kepercayaan publik serta mewujudkan Polri yang semakin Presisi, humanis, dan dicintai masyarakat,” ujar Kombes Pol.",tak jelas,https://amuranews.id/perkuat-sinergi-dengan-media-dan-akademisi-polda-jambi-gelar-diskusi-publik-bangun-citra-polri-inspiratif-di-era-digital/,2026-07-08
Rokok ilegal lebih bebas beraktivitas daripada masyarakat yang jualan di trotoar.,tak jelas,https://awasi.id/teknologi/awasi-bea-cukai-jambi-kerja-nggak-duduk-iya,2026-07-08
"Tangkap para pelaku, bongkar gudang ilegal, dan buat mafia ini tahu bahwa hukum di Jambi masih ada!â
.uc74667c0f928973574c3e775ea0ecd82 { padding:0px; margin: 0; padding-top:1em!important; padding-bottom:1em!important; width:100%; display: block; font-weight:bold; background-color:#eaeaea; border:0!important; border-left:4px solid #34495E!important; text-decoration:none; } .uc74667c0f928973574c3e775ea0ecd82:active, .uc74667c0f928973574c3e775ea0ecd82:hover { opacity: 1; transition: opacity 250ms; webkit-transition: opacity 250ms; text-decoration:none; } .uc74667c0f928973574c3e775ea0ecd82 { transition: background-color 250ms; webkit-transition: background-color 250ms; opacity: 1; transition: opacity 250ms; webkit-transition: opacity 250ms; } .uc74667c0f928973574c3e775ea0ecd82 .ctaText { font-weight:bold; color:#464646; text-decoration:none; font-size: 16px; } .uc74667c0f928973574c3e775ea0ecd82 .postTitle { color:#000000; text-decoration: underline!important; font-size: 16px; } .uc74667c0f928973574c3e775ea0ecd82:hover .postTitle { text-decoration: underline!important; } 
Baca juga:
Â  ""Jalan Hancur Berkat Parit Gajah: Apakah PTPN 4 Sedang Menyiapkan Venue Balap Perahu?""
Poster Sindiran yang Jadi Sorotan
Dalam aksi tersebut, massa membawa berbagai poster dengan tulisan sindiran yang mengundang tawa, seperti:
âRokok Ilegal: Sponsor Utama Bea Cukai Jambi!â
âKopi Lebih Nikmat dari Tugas Negara!â
âMafia Rokok Ilegal: Bebas Lolos, Terima Kasih Bea Cukai!â
âKami Bekerja, Bea Cukai Duduk Diam!â
Poster-poster ini langsung menjadi sorotan netizen setelah foto-foto aksi tersebar di media sosial.",tak jelas,https://awasi.id/teknologi/awasi-bea-cukai-jambi-kerja-nggak-duduk-iya,2026-07-08
"Aksi ini bukan hanya menjadi sorotan masyarakat Jambi, tetapi juga membuka mata publik tentang lemahnya pengawasan Bea Cukai terhadap peredaran rokok ilegal.",tak jelas,https://awasi.id/teknologi/awasi-bea-cukai-jambi-kerja-nggak-duduk-iya,2026-07-08
"Hal ini bertujuan untuk memberikan perlindungan kepada masyarakat yang menggunakan layanan transportasi umum,” ujar Donny pada Jumat, (25/08/2023).",tak jelas,https://aksara24.id/2023/08/25/jasa-raharja-jambi-sosialisasikan-pemanfaatan-terminal-alam-barajo-secara-door-to-door/,2026-07-09
"Untuk memastikan kualitas layanan transportasi umum dan keselamatan penumpang, Jasa Raharja Jambi menjalin kerja sama erat dengan perusahaan otobus yang beroperasi di wilayah ini.",tak jelas,https://aksara24.id/2023/08/25/jasa-raharja-jambi-sosialisasikan-pemanfaatan-terminal-alam-barajo-secara-door-to-door/,2026-07-09
“Kami sangat peduli terhadap keselamatan penumpang dan kualitas layanan transportasi umum di wilayah kami.,tak jelas,https://aksara24.id/2023/08/25/jasa-raharja-jambi-sosialisasikan-pemanfaatan-terminal-alam-barajo-secara-door-to-door/,2026-07-09
Aksara24.id – Jasa Raharja Jambi ajak masyarakat untuk bayar pajak kendaraan dengan memberi diskon denda sumbangan wajib dana kecelakaan lalu lintas jalan (SWDKLLJ) mulai 1 Februari 2023.,tak jelas,https://aksara24.id/2023/02/06/jasa-raharja-jambi-beri-diskon-pajak-kendaraan/,2026-07-09
“Masyarakat perlu paham membayar pajak kendaraan bermotor juga membayar sumbangan wajib dana kecelakaan lalu lintas jalan.,tak jelas,https://aksara24.id/2023/02/06/jasa-raharja-jambi-beri-diskon-pajak-kendaraan/,2026-07-09
"Karena itu, penanganannya harus dilakukan secara menyeluruh melalui sinergi penegakan hukum, edukasi, pembinaan karakter, rehabilitasi, hingga penguatan peran keluarga, sekolah, dan masyarakat.",tak jelas,https://amuranews.id/perang-melawan-geng-motor-dimulai-akbp-wendi-oktariansyah-perkuat-sinergi-bersama-polda-jambi/,2026-07-09
"Deklarasi tersebut menjadi simbol penguatan sinergi seluruh unsur pemerintah, aparat penegak hukum, dunia pendidikan, tokoh masyarakat, dan berbagai elemen lainnya dalam mewujudkan Provinsi Jambi yang aman, tertib, serta bebas dari aksi geng motor.",tak jelas,https://amuranews.id/perang-melawan-geng-motor-dimulai-akbp-wendi-oktariansyah-perkuat-sinergi-bersama-polda-jambi/,2026-07-09
"AMURANEWS | Kepolisian Daerah Jambi menyatukan seluruh unsur pemerintah, aparat penegak hukum, TNI, dunia pendidikan, tokoh masyarakat, komunitas, hingga generasi muda dalam satu langkah strategis menghadapi maraknya aksi geng motor.",tak jelas,https://amuranews.id/gerak-serentak-polda-jambi-satukan-seluruh-kekuatan-daerah-deklarasikan-perang-terhadap-geng-motor/,2026-07-09
"Pelantikan PW JKSN Provinsi Jambi diharapkan semakin memperkuat peran organisasi dalam mendukung pendidikan karakter, mempererat sinergi ulama dan umara, serta membantu pemerintah menghadapi berbagai tantangan sosial di tengah masyarakat.",tak jelas,https://www.angsoduo.net/2026/07/hadiri-pelantikan-jksn-jambi-al-haris-tekankan-peran-guru-dan-kiai-jaga-moral-generasi-bangsa,2026-07-09
"“Forum ini bukan sekadar agenda seremonial atau pertemuan rutin belaka melainkan sebuah manivestasi nyata dari kepedulian, tanggung jawab dan komitmen kolektif kita bersama dalam menjaga stabilitas keamanan dan ketertiban masyarakat atau kami khususnya dalam menjamin kenyamanan dan keselamatan warga negara di ruang publik dan dalam kendaraan di jalan raya.",tak jelas,https://www.angsoduo.net/2026/07/pemprov-dan-forkopimda-nyatakan-sikap-tindak-tegas-geng-motor,2026-07-09
"Keamanan dalam berkendara dan ketenangan jalan raya di malam hari adalah hak mendasar setiap warga negara,” ujar Kajati.",tak jelas,https://www.angsoduo.net/2026/07/pemprov-dan-forkopimda-nyatakan-sikap-tindak-tegas-geng-motor,2026-07-09
"Agenda strategis ini turut dihadiri oleh Manajer PKS Tanjung Lebar, Delvie; Kanit Propam Polsek Bahar Selatan, Aipda Febrie Sugianto; serta perwakilan mitra PKS yang terdiri dari pengurus koperasi dan masyarakat petani plasma.",tak jelas,https://www.angsoduo.net/2026/07/tegas-pks-tanjung-lebar-ptpn-iv-regional-iv-tolak-tbs-ilegal-gandeng-kepolisian-amankan-rantai-pasok,2026-07-09
"Melalui Rakor tersebut, Ditreskrimum Polda Jambi juga memperkuat koordinasi dengan jajaran pemerintah daerah, aparat penegak hukum, serta elemen masyarakat sebagai bagian dari upaya menciptakan sistem penanganan yang tidak hanya berorientasi pada penindakan, tetapi juga pencegahan sejak dini terhadap munculnya kelompok-kelompok yang berpotensi melakukan aksi kriminal.",tak jelas,https://amuranews.id/dirreskrimum-polda-jambi-kombes-pol-jimmy-christian-samma-perkuat-langkah-penegakan-hukum-berantas-geng-motor/,2026-07-10
"Menurutnya, langkah tersebut harus dibarengi dengan edukasi, pembinaan karakter, rehabilitasi, serta penguatan peran keluarga, sekolah, tokoh agama, tokoh masyarakat, dan pemerintah daerah agar generasi muda tidak mudah terpengaruh oleh lingkungan negatif.",tak jelas,https://amuranews.id/dirreskrimum-polda-jambi-kombes-pol-jimmy-christian-samma-perkuat-langkah-penegakan-hukum-berantas-geng-motor/,2026-07-10
"Selain penegakan hukum yang tegas dan profesional, diperlukan pendekatan preventif melalui edukasi, pembinaan karakter, rehabilitasi, serta keterlibatan keluarga, dunia pendidikan, tokoh agama, tokoh masyarakat, dan seluruh elemen bangsa agar generasi muda tidak terjerumus ke dalam tindakan kriminal.",tak jelas,https://amuranews.id/dirreskrimsus-polda-jambi-kombes-pol-taufik-nurmandia-hadiri-rakor-perkuat-sinergi-penegakan-hukum-berantas-geng-motor/,2026-07-10
"Deklarasi tersebut menjadi simbol penguatan sinergi antara Polri, TNI, pemerintah daerah, lembaga pendidikan, tokoh masyarakat, dan berbagai elemen lainnya dalam mewujudkan Provinsi Jambi yang aman, tertib, serta bebas dari aksi geng motor.",tak jelas,https://amuranews.id/dirreskrimsus-polda-jambi-kombes-pol-taufik-nurmandia-hadiri-rakor-perkuat-sinergi-penegakan-hukum-berantas-geng-motor/,2026-07-10
"Adi Benny Cahyono menjadi bagian dari komitmen Direktorat Lalu Lintas Polda Jambi dalam memperkuat sinergi lintas sektor guna menghadapi maraknya aksi geng motor yang belakangan semakin meresahkan masyarakat dan mengancam keamanan di ruang publik, khususnya di jalan raya.",tak jelas,https://amuranews.id/dirlantas-polda-jambi-kombes-pol-adi-benny-cahyono-perkuat-barisan-perang-melawan-geng-motor-dimulai/,2026-07-10
"Deklarasi tersebut menjadi simbol penguatan kolaborasi antara Polri, TNI, pemerintah daerah, dunia pendidikan, tokoh masyarakat, komunitas, dan seluruh pemangku kepentingan untuk mewujudkan Provinsi Jambi yang aman, tertib, dan bebas dari aksi geng motor.",tak jelas,https://amuranews.id/dirlantas-polda-jambi-kombes-pol-adi-benny-cahyono-perkuat-barisan-perang-melawan-geng-motor-dimulai/,2026-07-10
"Terkait untuk penumpang yang datang dari jauh dan tidak memiliki tempat tinggal, pihak pelabuhan tidak menyediakan layanan tempat menginap bagi pengguna jasa Kapal Roro.",tak jelas,https://awasi.id/umum/awasi-untuk-satu-hati-kapal-roro-kuala-tungkal-merubah-jadwal-keberangkatan-ini-penyebabnya,2026-07-10
"Tebo, 9 Januari 2025
 â Dalam upaya mencerdaskan kehidupan bangsa dan memberikan harapan baru bagi warga binaan, Lembaga Pemasyarakatan (Lapas) Kelas IIB Muara Tebo bekerjasama dengan Dinas Pendidikan dan Kebudayaan Kabupaten Tebo melaksanakan program pendidikan Paket B dan C.",tak jelas,https://awasi.id/pendidikan/awasi-lapas-muara-tebo-gandeng-dinas-pendidikan-wujudkan-harapan-baru-bagi-warga-binaan-melalui-program-paket-b-dan-c,2026-07-10
"Program ini dimulai pada Kamis, 9 Januari 2025, dan bertujuan untuk memberikan kesempatan bagi warga binaan untuk melanjutkan pendidikan formal mereka.",tak jelas,https://awasi.id/pendidikan/awasi-lapas-muara-tebo-gandeng-dinas-pendidikan-wujudkan-harapan-baru-bagi-warga-binaan-melalui-program-paket-b-dan-c,2026-07-10
Kegiatan ini menjadi bagian dari kolaborasi antara Lapas Muara Tebo dan Pemerintah Kabupaten Tebo yang berkomitmen mendukung warga binaan untuk mendapatkan keterampilan dan pengetahuan yang lebih baik.,tak jelas,https://awasi.id/pendidikan/awasi-lapas-muara-tebo-gandeng-dinas-pendidikan-wujudkan-harapan-baru-bagi-warga-binaan-melalui-program-paket-b-dan-c,2026-07-10
"Pendidikan untuk Masa Depan Lebih Cerah
Refin menambahkan bahwa pendidikan tidak hanya memberikan pengetahuan, tetapi juga membuka peluang yang lebih besar bagi warga binaan untuk memperbaiki masa depan mereka.",tak jelas,https://awasi.id/pendidikan/awasi-lapas-muara-tebo-gandeng-dinas-pendidikan-wujudkan-harapan-baru-bagi-warga-binaan-melalui-program-paket-b-dan-c,2026-07-10
"Harapan untuk Warga Binaan
Dengan pelaksanaan program Paket B dan C ini, warga binaan diharapkan tidak hanya memperoleh pendidikan formal, tetapi juga memiliki motivasi untuk memperbaiki diri dan kembali menjadi bagian yang produktif dalam masyarakat.",tak jelas,https://awasi.id/pendidikan/awasi-lapas-muara-tebo-gandeng-dinas-pendidikan-wujudkan-harapan-baru-bagi-warga-binaan-melalui-program-paket-b-dan-c,2026-07-10
"Serta turut diikuti oleh; Wakapolsek Jambi Timur AKP Suhartono, Kanit Samapta Polsek Pasar AKP Devis Sinatra, Personel TIK dan Sidokkes, Satu Pleton Personel Ditsamapta Polda Jambi, Satu Pleton Personel Brimob Polda Jambi, Regu Salvo Satsamapta Polresta Jambi, Piket Provos, dan Pihak Keluarga serta Warga Setempat.",tak jelas,https://awasi.id/sosial-masyarakat/awasi-berikan-penghormatan-terakhir-kapolresta-jambi-pimpin-upacara-pemakaman-almarhum-bripka-mahyudin,2026-07-10
"Baturaja
, awasi.id
 â Polres Oku kembali melaksanakan kegiatan Pemberian Bantuan Sosial di Bulan Suci Ramadhan kepada warga masyarakat yang layak menerimanya.",tak jelas,https://awasi.id/sosial-masyarakat/awasi-polres-oku-terus-salurkan-bantuan-sosial-kepada-masyarakat,2026-07-10
"Selain itu, Polres Oku juga telah melaksanakan pembagian Bansos Takjil kepada masyarakat jelang berbuka puasa selama Bulan Suci Ramadhan, setiap harinya akan ada pembagian bansos takjil oleh Polres Oku melalui Satuan Fungsi maupun Polsek Jajaran.",tak jelas,https://awasi.id/sosial-masyarakat/awasi-polres-oku-terus-salurkan-bantuan-sosial-kepada-masyarakat,2026-07-10
"Gerbong Kerinci Hebat Begerak, Yanti Maria: 15 Tahun Tertinggal, Saatnya Kita Bersatu Menangkan HTK-EZI
Untuk sasaran dan penerima bansos akan diatur oleh masing-masing Bag dan Satuan yang telah ditunjuk untuk melaksanakan pembagian Bansos Takjil kepada masyarakat jelang berbuka puasa selama Bulan Suci Ramadhan.",tak jelas,https://awasi.id/sosial-masyarakat/awasi-polres-oku-terus-salurkan-bantuan-sosial-kepada-masyarakat,2026-07-10
Tanjab Timur â Personel Direktorat Kepolisian Perairan dan Udara (Ditpolairud) Polda Jambi melaksanakan kegiatan sosial dibulan suci Ramadhan yaitu membagikan Takjil buka puasa kepada Nelayan dan Masyarakat Perairan Jambi serta ABK Kapal.,tak jelas,https://awasi.id/sosial-masyarakat/awasi-polairud-polda-jambi-bagikan-takjil-buka-puasa-kepada-nelayan-dan-abk-kapal-serta-masyarakat-perairan-jambi,2026-07-10
"Untuk itu, saya mengimbau seluruh masyarakat untuk tetap menjaga kesehatan selama beraktivitas dalam menjalani ibadah puasa,â ungkapnya.",tak jelas,https://awasi.id/sosial-masyarakat/awasi-wagub-sani-pentingnya-peran-ulama-dan-umara-sebagai-pengayom-masyarakat,2026-07-10
"Polri Peringkat Pertama, Disusul Korporasi
Selain Polri, Komnas HAM juga mencatat sejumlah institusi dan aktor lain yang banyak menjadi objek pengaduan masyarakat.",tak jelas,https://bacahukum.com/2026/07/06/komnas-ham-polri-masih-jadi-institusi-yang-paling-banyak-diadukan/,2026-07-10
"Penggunaan Kewenangan Negara Masih Menjadi Sorotan
Menurut Anis, data pengaduan tersebut menunjukkan bahwa persoalan hak asasi manusia di Indonesia masih banyak berkaitan dengan penggunaan kewenangan oleh negara yang belum berjalan secara proporsional terhadap masyarakat.",tak jelas,https://bacahukum.com/2026/07/06/komnas-ham-polri-masih-jadi-institusi-yang-paling-banyak-diadukan/,2026-07-10
"Menurutnya, terdapat sejumlah faktor lain yang memengaruhi banyaknya laporan, seperti kemudahan akses pengaduan, tingkat literasi hukum dan hak asasi manusia, serta keberanian masyarakat untuk melaporkan dugaan pelanggaran.",tak jelas,https://bacahukum.com/2026/07/06/komnas-ham-polri-masih-jadi-institusi-yang-paling-banyak-diadukan/,2026-07-10
"WNI di Luar Negeri Juga Mengadu
Komnas HAM juga menerima pengaduan dari warga negara Indonesia yang berada di luar negeri, di antaranya dari Malaysia, Kamboja, Arab Saudi, dan Irak.",tak jelas,https://bacahukum.com/2026/07/06/komnas-ham-polri-masih-jadi-institusi-yang-paling-banyak-diadukan/,2026-07-10
"Status ganda tersebut menempatkan para pemohon pada posisi yang secara nyata dan langsung bersentuhan dengan kebijakan pemerintah dan lembaga negara, baik dalam konteks akademik, sosial, ekonomi, maupun ruang digital,” bunyi petikan gugatan dengan nomor registrasi 282/PUU-XXIII/2025 yang dirilis pada Minggu (4/1).",tak jelas,https://bacahukum.com/2026/01/05/mk-mulai-terima-gugatan-kuhp-nasional-yang-baru-berlaku/,2026-07-10
"(2) “Dalam hal Tindak Pidana sebagaimana dimaksud pada ayat (1) berakibat terjadinya kerusuhan dalam masyarakat, dipidana dengan pidana penjara paling lama 3 (tiga) tahun atau pidana denda paling banyak kategori IV”.12
(3) “Tindak Pidana sebagaimana dimaksud pada ayat (1) hanya dapat dituntut berdasarkan aduan pihak yang di3hina”.4
(4) “Aduan sebagaimana dimaksud pada ayat (3) dilakukan secara tertulis oleh pimpinan pemerintah atau lembaga neg5ara”.",tak jelas,https://bacahukum.com/2026/01/05/mk-mulai-terima-gugatan-kuhp-nasional-yang-baru-berlaku/,2026-07-10
"“Frasa “menghina pemerintah atau lembaga negara” dalam pasal a quo tidak memberikan definisi atau parameter objektif yang jelas dalam batang tubuh pasal, sehingga membuka ruang penafsiran yang luas dan subjektif khusunya mengenai perbedaan antara kritik, penilaian akademik, ekspresi politik, dengan perbuatan yang dikategorikan sebagai “penghinaan”,” tegas pihak pemohon dalam dokumennya.",tak jelas,https://bacahukum.com/2026/01/05/mk-mulai-terima-gugatan-kuhp-nasional-yang-baru-berlaku/,2026-07-10
"“Norma ini secara langsung menyasar aktivitas para pemohon sebagai mahasiswa hukum yang aktif menggunakan media sosial, platform diskusi daring, dan sarana teknologi informasi untuk menyebarkan gagasan, hasil analisis, maupun kritik kebijakan publik,” ungkap mereka.",tak jelas,https://bacahukum.com/2026/01/05/mk-mulai-terima-gugatan-kuhp-nasional-yang-baru-berlaku/,2026-07-10
"Melalui dua kanal utama, yakni PSC 119 dan Call Center Bahagia 112, warga kini dapat mengakses layanan kegawatdaruratan medis maupun non-medis selama 24 jam penuh, tanpa dipungut biaya.",tak jelas,https://bacahukum.com/2025/06/26/pemkot-jambi-di-bawah-kepemimpinan-wali-kota-maulana-luncurkan-layanan-112-siaga-24-jam/,2026-07-10
"Dengan layanan ini, masyarakat Kota Jambi kini memiliki akses yang lebih cepat, aman, dan terjamin dalam menghadapi berbagai situasi darurat — cukup dengan satu panggilan ke 112.",tak jelas,https://bacahukum.com/2025/06/26/pemkot-jambi-di-bawah-kepemimpinan-wali-kota-maulana-luncurkan-layanan-112-siaga-24-jam/,2026-07-10
"Informasi yang dihimpun dari sumber terpercaya menyebutkan, lahan HTR yang seharusnya memberikan izin kepada perorangan atau koperasi untuk mengelola dan memanen kayu serta hasil hutan lainnya di kawasan hutan produksi agar bertujuan untuk memberdayakan masyarakat sekitar hutan, meningkatkan kesejahteraan petani, dan merehabilitasi lahan secara berkelanjutan ternyata sudah menjadi hamparan kebun sawit.",tak jelas,https://bacahukum.com/2026/07/06/5-htr-di-mersam-izin-kementerian-lhk-di-sulap-koperasi-jadi-kebun-sawit/,2026-07-10
"Lahan yang dikelola bukan di Sengkati Baru, melainkan di Simpang Rantau Gedang dan izin HTR diberikan untuk memberdayakan masyarakat sekitar hutan, meningkatkan kesejahteraan petani, dan merehabilitasi lahan secara berkelanjutan ternyata sudah menjadi hamparan kebun sawit.",tak jelas,https://bacahukum.com/2026/07/06/5-htr-di-mersam-izin-kementerian-lhk-di-sulap-koperasi-jadi-kebun-sawit/,2026-07-10
"Menurutnya, agenda – agenda yang dijalankan bukan sekadar ajang kumpul-kumpul, namun lebih dari itu, para peserta dapat berdiskusi dan bertukar pengalaman, termasuk bagaimana meningkatkan sumber daya perempuan dan usaha mikro, kecil dan menengah (UMKM) di daerah masing-masing
“Dikesempatan ini belajar tentang publik speaking ya bagaimana kita bisa lebih percaya diri dalam membangun komunikasi yang efektif untuk bisa menyampaikan ide kepada masyarakat.",tak jelas,https://bacahukum.com/2026/07/03/rakernas-apeksi-2026-jadi-ajang-nadiyah-perkuat-kolaborasi-demi-kemajuan-pkk-kota-jambi/,2026-07-10
"Menurut Sigit, dengan adanya antisipasi penumpang gelap dari pihak kepolisian dan peserta aksi, maka aspirasi yang disampaikan bisa berjalan dan tersalurkan dengan baik tanpa adanya noise atau sumbatan komunikasi.",tak jelas,https://aksara24.id/2022/04/11/ini-pesan-kapolri-soal-unjuk-rasa-11-april-2022/,2026-07-11
"Dengan tidaknya adanya noise tersebut, Sigit meyakini aspirasi yang disampaikan mahasiswa dan masyarakat bisa diterima dengan baik dan ditindaklanjuti oleh para pemangku kebijakan.",tak jelas,https://aksara24.id/2022/04/11/ini-pesan-kapolri-soal-unjuk-rasa-11-april-2022/,2026-07-11
"Kegiatan Nobar “Bola Gembira” yang diselenggarakan Pemerintah Kota Jambi bekerja sama dengan TVRI Jambi tidak hanya menghadirkan hiburan bagi masyarakat, tetapi juga menjadi ruang kebersamaan yang mempererat hubungan antara TNI dan warga dalam suasana yang aman, tertib, dan penuh kekeluargaan.",tak jelas,https://amuranews.id/gol-dramatis-menit-akhir-pecah-euforia-nobar-piala-dunia-2026-di-tugu-keris-satukan-tni-dan-warga-jambi/,2026-07-11
"Momentum olahraga dimanfaatkan sebagai sarana memperkuat persaudaraan, menumbuhkan semangat persatuan, serta menciptakan ruang publik yang harmonis bagi seluruh lapisan masyarakat.",tak jelas,https://amuranews.id/gol-dramatis-menit-akhir-pecah-euforia-nobar-piala-dunia-2026-di-tugu-keris-satukan-tni-dan-warga-jambi/,2026-07-11
"Sinergi antara pemerintah, TNI, dan masyarakat pun semakin terasa dalam suasana penuh keakraban.",tak jelas,https://amuranews.id/gol-dramatis-menit-akhir-pecah-euforia-nobar-piala-dunia-2026-di-tugu-keris-satukan-tni-dan-warga-jambi/,2026-07-11
Kegiatan ini merupakan salah satu implementasi penguatan fungsi keimigrasian melalui pendekatan kolaboratif dengan pemerintah desa dan masyarakat.,tak jelas,https://amuranews.id/kantor-imigrasi-kelas-iii-non-tpi-bungo-bentuk-desa-binaan-imigrasi-di-desa-sari-mulya-kabupaten-tebo/,2026-07-11
"Melalui program Desa Binaan Imigrasi, diharapkan tercipta sinergi dalam membangun kesadaran hukum masyarakat, khususnya terkait keimigrasian, pencegahan Tindak Pidana Perdagangan Orang (TPPO), Tindak Pidana Penyelundupan Manusia (TPPM), serta pentingnya pemanfaatan layanan keimigrasian secara legal dan sesuai ketentuan.",tak jelas,https://amuranews.id/kantor-imigrasi-kelas-iii-non-tpi-bungo-bentuk-desa-binaan-imigrasi-di-desa-sari-mulya-kabupaten-tebo/,2026-07-11
"Acara dihadiri oleh jajaran petugas Kantor Imigrasi Kelas III Non TPI Bungo dan Kantor Wilayah DIrektorat jenderal Imigrasi Jambi, Pemerintah Desa Sari Mulya, unsur Forum Koordinasi Pimpinan Kecamatan, tokoh masyarakat, tokoh pemuda, serta perwakilan masyarakat Desa Sari Mulya.",tak jelas,https://amuranews.id/kantor-imigrasi-kelas-iii-non-tpi-bungo-bentuk-desa-binaan-imigrasi-di-desa-sari-mulya-kabupaten-tebo/,2026-07-11
"Dalam kesempatan tersebut, Kepala Subseksi Teknologi Informasi, Intelijen, dan Penindakan Keimigrasian Kantor Imigrasi Kelas III Non TPI Bungo, Wega Prayoga Mulyono, menyampaikan bahwa keberhasilan pengawasan keimigrasian memerlukan peran aktif seluruh elemen masyarakat sebagai mitra pemerintah.",tak jelas,https://amuranews.id/kantor-imigrasi-kelas-iii-non-tpi-bungo-bentuk-desa-binaan-imigrasi-di-desa-sari-mulya-kabupaten-tebo/,2026-07-11
"Kami berharap masyarakat Desa Sari Mulya dapat menjadi garda terdepan dalam menyebarluaskan informasi keimigrasian yang benar, meningkatkan kewaspadaan terhadap berbagai modus Tindak Pidana Perdagangan Orang maupun Penyelundupan Manusia, serta turut berperan aktif dalam melaporkan apabila terdapat indikasi pelanggaran keimigrasian di lingkungan sekitar.",tak jelas,https://amuranews.id/kantor-imigrasi-kelas-iii-non-tpi-bungo-bentuk-desa-binaan-imigrasi-di-desa-sari-mulya-kabupaten-tebo/,2026-07-11
"Melalui program ini, masyarakat diharapkan mampu menjadi agen informasi dan mitra pemerintah dalam mendukung pengawasan orang asing, memberikan edukasi kepada lingkungan sekitar mengenai prosedur keimigrasian yang benar, serta melaporkan apabila menemukan indikasi pelanggaran keimigrasian di wilayahnya.",tak jelas,https://amuranews.id/kantor-imigrasi-kelas-iii-non-tpi-bungo-bentuk-desa-binaan-imigrasi-di-desa-sari-mulya-kabupaten-tebo/,2026-07-11
"Kantor Imigrasi Kelas III Non TPI Bungo berkomitmen untuk terus memperluas jangkauan program Desa Binaan Imigrasi sebagai bagian dari upaya mewujudkan pelayanan publik yang inklusif, meningkatkan kesadaran hukum masyarakat, serta memperkuat perlindungan masyarakat dari berbagai bentuk kejahatan transnasional yang berkaitan dengan keimigrasian.",tak jelas,https://amuranews.id/kantor-imigrasi-kelas-iii-non-tpi-bungo-bentuk-desa-binaan-imigrasi-di-desa-sari-mulya-kabupaten-tebo/,2026-07-11
"Meskipun tidak bisa vakum seperti di Bali, warga tetap berusaha untuk tidak membuat kebisingan di lingkungan sekitar sehingga pemeluk Agama Hindu bisa beribadah dengan tenang dan khidmat.",tak jelas,https://aksara24.id/2023/06/30/mengintip-pesona-desa-tanon-kabupaten-kediri-desa-yang-menerapkan-toleransi-terhadap-keberagaman-agama/,2026-07-12
Ia mengingatkan pemerintah tidak hanya fokus pada penyelesaian visi-misi kepala daerah lalu mengabaikan kebutuhan masyarakat yang lain.,tak jelas,https://aksara24.id/2024/03/04/dprd-batanghari-minta-pemkab-prioritaskan-pembangunan-yang-sudah-dianggarkan/,2026-07-13
"Meskipun bertugas sebagai pengawas sektor perbankan, OJK memberikan dampak positif terhadap pertumbuhan ekonomi Provinsi Jambi melalui lembaga-lembaga yang selalu berkolaborasi langsung dengan Masyarakat dan Pemerintah Daerah.",tak jelas,https://aksara24.id/2024/12/09/wakil-bupati-bakhtiar-hadiri-pengukuhan-ojk-di-provinsi-jambi/,2026-07-13
"Jasa Raharja memberikan informasi terperinci mengenai persyaratan, prosedur pengajuan klaim, dan biaya yang dapat dicover untuk pasien rawat jalan maupun rawat inap di rumah sakit akibat kecelakaan lalu lintas atau angkutan umum.",tak jelas,https://aksara24.id/2024/05/03/terkait-penjaminan-kecelakaan-lalu-lintas-dan-angkutan-umum-ini-penjelasan-jasa-raharja/,2026-07-13
"“Kegiatan Mobile Intellectual Property Clinic ini semakin memudahkan masyarakat dalam melakukan pendaftaran dan mendapatkan akses layanan kekayaan intelektual dengan lebih mudah, efektif, dan efisien.",tak jelas,https://aksara24.id/2022/08/30/al-haris-imbau-umkm-daftarkan-merek-produk-ke-kemenkumham/,2026-07-14
"Kegiatan ini pula diharapkan adanya kesadaran masyarakat dan pemerintah akan pentingnya pendaftaran Kekayaan intelektual semakin meningkat, sehingga tercapai perlindungan hukum yang menyeluruh atas kekayaan intelektual di Provinsi Jambi,” terang Al Haris.",tak jelas,https://aksara24.id/2022/08/30/al-haris-imbau-umkm-daftarkan-merek-produk-ke-kemenkumham/,2026-07-14
"Razilu, M.Si.,CGCAE, menyampaikan kegiatan ini bertujuan untuk memfasilitasi beberapa hal, antara alin adalah layanan konsultasi, pendampingan pendaftaran, layanan penelusuran, hingga pelayanan pengaduan serta upaya untuk membantu masyarakat yang memiliki kendala akan keterjangkauan akses pelayanan kekayaan intelektual.",tak jelas,https://aksara24.id/2022/08/30/al-haris-imbau-umkm-daftarkan-merek-produk-ke-kemenkumham/,2026-07-14
"Dengan berakhirnya pendidikan Akpol Angkatan ke-58, sebanyak 282 perwira muda Polri diharapkan mampu menjadi pelindung, pengayom, dan pelayan masyarakat yang menjunjung tinggi nilai-nilai keadilan, profesionalisme, dan kemanusiaan.",tak jelas,https://amuranews.id/wakapolri-resmikan-lulusan-akpol-angkatan-ke-58-282-perwira-muda-siap-mengabdi/,2026-07-14
"Mereka juga diharapkan mampu memperkuat kepercayaan publik terhadap Polri melalui pelayanan yang humanis, penegakan hukum yang berkeadilan, serta pemeliharaan keamanan dan ketertiban masyarakat.",tak jelas,https://amuranews.id/wakapolri-resmikan-lulusan-akpol-angkatan-ke-58-282-perwira-muda-siap-mengabdi/,2026-07-14
Al Haris mengucapkan terima kasih kepada Pemerintah Pusat yang telah memberikan perangkat Set-Top-Box (STB) kepada masyarakat Provinsi Jambi agar bisa menerima siaran digital.,tak jelas,https://aksara24.id/2022/06/27/al-haris-harap-masyarakat-paham-penggunaan-teknologi-digital/,2026-07-15
Pemberian secara gratis ini adalah upaya pemerintah untuk membantu masyarakat dalam penyediaan STB.,tak jelas,https://aksara24.id/2022/06/27/al-haris-harap-masyarakat-paham-penggunaan-teknologi-digital/,2026-07-15
"Menurutnya, sinergitas yang terbangun dengan baik akan melahirkan pelayanan hukum yang semakin profesional, memberikan kepastian hukum, sekaligus menghadirkan rasa keadilan bagi masyarakat.",tak jelas,https://amuranews.id/kapolda-jambi-dan-kajati-satukan-langkah-sinergi-besar-penegak-hukum-demi-jambi-yang-aman-adil-dan-berintegritas/,2026-07-15
"Menurutnya, sinergi yang baik menjadi fondasi penting dalam menghadirkan pelayanan penegakan hukum yang profesional serta memberikan kepastian hukum dan rasa keadilan kepada masyarakat.",tak jelas,https://amuranews.id/dirlantas-kombes-pol-adi-benny-cahyono-dampingi-kapolda-jambi-perkuat-sinergi-dengan-kejati/,2026-07-15
Kesamaan persepsi dalam penerapan KUHP dan KUHAP diharapkan mampu meningkatkan kualitas pelayanan hukum kepada masyarakat sekaligus menjawab dinamika penegakan hukum di lapangan secara lebih efektif.,tak jelas,https://amuranews.id/kapolda-jambi-satukan-langkah-penegak-hukum-kuhp-kuhap-baru-geng-motor-peti-hingga-tilang-manual-jadi-sorotan/,2026-07-15
"Taufik Nurmandia, sebagai bentuk transparansi kepada masyarakat terkait perkembangan penyidikan perkara yang menjadi perhatian publik.",tak jelas,https://amuranews.id/9507-2/,2026-07-15
"“Kami sepakat pembangunan diukur dari hasil yang dirasakan masyarakat: jalan yang mantap, irigasi berfungsi, dan kesejahteraan yang meningkat,” pungkasnya.",tak jelas,https://www.angsoduo.net/2026/07/gubernur-al-haris-jawab-pandangan-umum-fraksi-dprd-komitmen-perkuat-tata-kelola-dan-kesejahteraan-masyarakat,2026-07-15
"- Program CSR apa saja yang telah dijalankan, dan berapa besar anggaran yang dialokasikan untuk masyarakat sekitar?",tak jelas,https://aksara24.id/2025/02/28/gelar-rdp-dprd-tanjab-timur-gelar-soroti-kepatuhan-perusahaan-terhadap-csr-dan-pengelolaan-lingkungan/,2026-07-15
"Apakah ada perwakilan dari tokoh masyarakat, akademisi, organisasi sosial, atau legislatif untuk memastikan transparansi?",tak jelas,https://aksara24.id/2025/02/28/gelar-rdp-dprd-tanjab-timur-gelar-soroti-kepatuhan-perusahaan-terhadap-csr-dan-pengelolaan-lingkungan/,2026-07-15
"Kemampuannya menyeimbangkan tugas sebagai anggota Polri dengan pengabdian sosial menjadi cerminan nyata sosok polisi yang humanis, dekat dengan masyarakat, dan membawa manfaat bagi lingkungan sekitarnya.",tak jelas,https://amuranews.id/mengabdi-tanpa-pamrih-berbuah-tanah-suci-aipda-abdul-qodir-diganjar-hadiah-umrah-atas-dedikasi-membina-masyarakat-pesisir/,2026-07-15
"“Bapak [NAMA] berharap semangat yang ditunjukkan Aipda Abdul Qodir menjadi inspirasi bagi seluruh personel Polda Jambi untuk terus bekerja dengan ikhlas, profesional, dan humanis dalam memberikan pelayanan terbaik kepada masyarakat.",tak jelas,https://amuranews.id/mengabdi-tanpa-pamrih-berbuah-tanah-suci-aipda-abdul-qodir-diganjar-hadiah-umrah-atas-dedikasi-membina-masyarakat-pesisir/,2026-07-15
"Aksara24.id – Guna mendengarkan aspirasi masyarakat setiap minggunya, Polda Jambi kembali melaksanakan program rutin Jum’at Curhat bersama komunitas sepeda motor di Jambi.",tak jelas,https://aksara24.id/2023/01/13/jumat-curhat-polda-jambi-diskusi-dengan-para-komunitas-sepeda-motor/,2026-07-16
"Pesan saya, jika dijalanan jangan terlalu berkelompok dan menghalangi di jalanan, apalagi menggangu kenyamanan masyarakat, laporkan kepada pihak Lantas jika akan melakukan pejalanan, sehingga akan dibuatkan surat jalan atau akan dilakukan pengawalan jika dibutuhkan,” Jelas M Dhafi.",tak jelas,https://aksara24.id/2023/01/13/jumat-curhat-polda-jambi-diskusi-dengan-para-komunitas-sepeda-motor/,2026-07-16
"Ia menambahkan, RS Bhayangkara memiliki peran strategis dalam mendukung pelayanan kesehatan, baik kepada anggota Polri, keluarga besar Polri, maupun masyarakat luas.",tak jelas,https://amuranews.id/kapolda-jambi-pimpin-sertijab-karumkit-bhayangkara-tongkat-estafet-kepemimpinan-resmi-beralih/,2026-07-16
"Dewa Made Palguna turut memberikan dukungan terhadap keberlanjutan pelayanan kesehatan di RS Bhayangkara Polda Jambi yang memiliki peran strategis dalam mendukung tugas operasional kepolisian, termasuk pelayanan bagi personel Polri, keluarga besar Polri, dan masyarakat.",tak jelas,https://amuranews.id/dirresnarkoba-polda-jambi-kombes-pol-dewa-made-palguna-hadiri-sertijab-karumkit-bhayangkara/,2026-07-16
"Laksanakan tugas sesuai prosedur tetap (protap) dengan penuh tanggung jawab, disiplin, serta utamakan faktor keamanan tanpa mengabaikan pelayanan kepada masyarakat,” tegas Danrem.",tak jelas,https://amuranews.id/danrem-042-garuda-putih-pimpin-apel-gelar-pasukan-pengamanan-kunjungan-wapres-gibran-di-jambi-dimatangkan/,2026-07-16
"Pelantikan tersebut merupakan hasil proses seleksi terbuka (open bidding) dalam rangka mengisi jabatan yang sebelumnya mengalami kekosongan, sekaligus memperkuat tata kelola pemerintahan dan meningkatkan kualitas pelayanan kepada masyarakat.",tak jelas,https://www.angsoduo.net/2026/07/gubernur-al-haris-lantik-lima-pejabat-pimpinan-tinggi-pratama-tekankan-penguatan-kinerja-kekompakan-tim-dan-integritas,2026-07-16
"Kunjungan tersebut menjadi bagian dari upaya Pemerintah Pusat memastikan pelayanan kesehatan bagi masyarakat terus mengalami peningkatan, baik dari sisi fasilitas maupun sumber daya manusia (SDM).",tak jelas,https://www.angsoduo.net/2026/07/dampingi-wapres-gibran-gubernur-al-haris-perjuangkan-mri-baru-dan-tambahan-dokter-spesialis-untuk-rsud-raden-mattaher,2026-07-16
"Ia menyapa pasien yang sedang berobatsekaligus berdialog dengan keluarga pasien, di RSUD Raden Mattaher Jambi.",provinsi,https://www.angsoduo.net/2026/07/dampingi-wapres-gibran-gubernur-al-haris-perjuangkan-mri-baru-dan-tambahan-dokter-spesialis-untuk-rsud-raden-mattaher,2026-07-16
"Menurut Peraturan Menteri Keuangan Republik Indonesia Nomor 16/PMK/010/2017 tentang Besar Santunan Dan Sumbangan Wajib Dana Kecelakaan Lalu Lintas Jalan, santunan yang diserahkan berasal dari Dana Sumbangan Wajib Dana Kecelakaan Lalu Lintas Jalan (SWDKLLJ) yang dibayarkan oleh masyarakat setiap tahun saat melakukan perpanjangan Pajak Kendaraan Bermotor (PKB) di Kantor Bersama Samsat.",tak jelas,https://aksara24.id/2023/09/14/jasa-raharja-berikan-hak-santunan-kepada-keluarga-pejalan-kaki-yang-tertabrak-sepeda-motor/,2026-07-17
"“Jasa Raharja, sebagai penjamin pertama korban kecelakaan lalu lintas jalan dan penumpang umum, terus mengoptimalkan komitmennya untuk memberikan kemudahan pelayanan kepada setiap korban kecelakaan,” ungkapnya.",tak jelas,https://aksara24.id/2023/09/14/jasa-raharja-berikan-hak-santunan-kepada-keluarga-pejalan-kaki-yang-tertabrak-sepeda-motor/,2026-07-17
"Donny Koesprayitno juga mengingatkan masyarakat agar selalu berhati-hati saat berkendara, memastikan kelayakan kendaraan sebelum digunakan, serta mengecek kelengkapan administrasi kendaraan, termasuk pembayaran pajak kendaraan bermotor.",tak jelas,https://aksara24.id/2023/09/14/jasa-raharja-berikan-hak-santunan-kepada-keluarga-pejalan-kaki-yang-tertabrak-sepeda-motor/,2026-07-17
"Untuk penangan Covid-19, masyarakat tetap menjalankan protokol kesehatan (prokes),yaitu memakai masker, mencuci tangan dengan air mengalir dan sabun, menjaga jarak, menghindari kerumunan, dan mengurangi mobilitas, meskipun sudah menerima vaksin COVID-19, karena masih ada kemungkinan bisa tertular COVID-19.",tak jelas,https://aksara24.id/2022/06/07/kades-siau-dalam-kawal-pemberian-vaksin-ke-warga/,2026-07-17
"Panen Raya Padi Serentak Nasional menjadi simbol kuat sinergi pemerintah pusat, pemerintah daerah, TNI-Polri, serta masyarakat dalam membangun sektor pertanian yang tangguh dan berkelanjutan.",tak jelas,https://amuranews.id/jambi-ambil-peran-strategis-dalam-panen-raya-nasional-pangdam-xx-tib-hadir-dukung-agenda-presiden/,2026-07-17
"Prosesi tersebut menjadi bagian dari dinamika organisasi Polri dalam rangka penyegaran organisasi, pembinaan karier personel, serta penguatan kinerja institusi guna meningkatkan kualitas pelayanan, perlindungan, dan pengayoman kepada masyarakat.",tak jelas,https://amuranews.id/kapolda-jambi-pimpin-sertijab-pejabat-utama-dan-kapolres-wujudkan-regenerasi-kepemimpinan-menuju-polri-presisi/,2026-07-17
"“Serah terima jabatan bukan sekadar pergantian personel, tetapi menjadi momentum memperkuat soliditas organisasi serta menghadirkan semangat baru dalam meningkatkan kualitas pelayanan kepada masyarakat.",tak jelas,https://amuranews.id/kapolda-jambi-pimpin-sertijab-pejabat-utama-dan-kapolres-wujudkan-regenerasi-kepemimpinan-menuju-polri-presisi/,2026-07-17
"Bob menilai dengan menggunakan energi baru terbarukan dapat dipastikan akan digunakan skema subsidi untuk itu, apabila tidak dilakukan subsidi maka harga energi tersebut akan mahal yang akan diterima masyarakat.",tak jelas,https://aksara24.id/2022/11/15/transisi-energi-baru-terbarukan-ketua-umum-pjs-tentunya-ini-wajib-didukung/,2026-07-18
"Aksara24.id – Kapolri, Jenderal Listyo Sigit Prabowo menyalurkan sebanyak 30.000 paket bantuan sosial berupa sembako ke masyarakat yang membutuhkan.",tak jelas,https://aksara24.id/2023/04/15/kerjasama-bareng-pp-persis-kapolri-salurkan-30-ribu-sembako-ke-warga-yang-membutuhkan/,2026-07-18
"Tersangka pelaku pembunuhan tersebut bernama Tarso Sujito (57), warga RT 03, Desa Pasar Masurai, Kecamatan Lembah Masurai Kabupaten Merangin.",tak jelas,https://aksara24.id/2022/10/19/kesal-dituduh-mencuri-durian-pelaku-pukul-korban-hingga-tewas/,2026-07-18
Peristiwa ini bermula dari aksi warga Desa Sukaramai yang menahan sejumlah tongkang batu bara pada Senin (28/4/2025) sebagai bentuk protes atas dampak lingkungan yang ditimbulkan aktivitas parkir tongkang.,tak jelas,https://aksara24.id/2025/04/29/warga-tahan-tongkang-ditpolairud-polda-jambi-tempuh-pendekatan-humanis/,2026-07-19
"Tim gabungan ini turun langsung ke lokasi, mendengarkan keluhan masyarakat secara terbuka, dan mempertemukan kedua belah pihak dalam upaya mencari solusi bersama.",tak jelas,https://aksara24.id/2025/04/29/warga-tahan-tongkang-ditpolairud-polda-jambi-tempuh-pendekatan-humanis/,2026-07-19
"Atas musibah tersebut, Dewi mengimbau kepada seluruh pengguna jalan raya untuk selalu waspada dan berhati-hati saat menyeberang ke jalur perlintasan kereta api.",tak jelas,https://aksara24.id/2023/07/19/respon-cepat-jasa-raharja-jamin-korban-kecelakaan-kereta-api-brantas-yang-tabrak-kontainer-di-semarang/,2026-07-19
"Mengakhiri sambutannya, Kasad juga menyampaikan selain ketahangan pangan, TNI AD juga melaksanakan program TNI AD Manunggal Air yang digelar di seluruh wilayah Indonesia sebagai wujud kehadiran di tengah masyarakat dan menjadi solusi mengatasi kesulitan masyarakat dalam memenuhi kebutuhan air bersih terutama di daerah krisis air seperti NTT, NTB dan Bali, serta pencegahan dan penanganan stunting melalui program Bapak [NAMA] Stunting, mulai dari Kasad, para Pangdam, Danrem, Dandim dan Babinsa.",tak jelas,https://aksara24.id/2022/07/18/kasad-launching-ketahanan-pangan-di-kabupaten-tebo-jambi/,2026-07-20
"Ia menyampaikan, pencegahan karhutla tidak dapat dilakukan oleh satu pihak saja, melainkan membutuhkan kerja sama dan komitmen bersama antara TNI, pemerintah daerah, BPBD, Polri, Manggala Agni, dunia usaha, serta seluruh elemen masyarakat.",tak jelas,https://amuranews.id/dari-udara-danrem-042-gapu-pastikan-kesiapsiagaan-jambi-hadapi-ancaman-karhutla/,2026-07-20
"Menurutnya, kolaborasi lintas sektor menjadi faktor utama dalam menekan risiko karhutla, sekaligus melindungi masyarakat, menjaga kelestarian lingkungan, dan mencegah dampak terhadap aktivitas sosial maupun perekonomian.",tak jelas,https://amuranews.id/dari-udara-danrem-042-gapu-pastikan-kesiapsiagaan-jambi-hadapi-ancaman-karhutla/,2026-07-20
"Menurut Zega, figur publik memiliki pengaruh besar terhadap cara masyarakat memandang profesi wartawan.",tak jelas,https://awasi.id/ekonomi/ucapan-lu-punya-otak-nggak-sih-hotman-paris-tuai-sorotan-insan-pers-ingatkan-pentingnya-etika-berkomunikasi,2026-07-20
"Komunikasi yang santun justru menunjukkan kualitas di hadapan publik,""
Insan pers menilai bahwa penghormatan terhadap wartawan bukan hanya bentuk penghargaan kepada individu, tetapi juga penghormatan terhadap hak masyarakat untuk memperoleh informasi yang benar dan berimbang.",tak jelas,https://awasi.id/ekonomi/ucapan-lu-punya-otak-nggak-sih-hotman-paris-tuai-sorotan-insan-pers-ingatkan-pentingnya-etika-berkomunikasi,2026-07-20
"Di sela peninjauan, Wapres juga menyapa para pasien dan keluarga pendamping.",tak jelas,https://awasi.id/ekonomi/wapres-tinjau-layanan-rsud-raden-mattaher-jambi-pastikan-penguatan-layanan-kesehatan-terus-berlanjut,2026-07-20
"Saat berbincang dengan Wapres, Mariana berharap kendala tersebut segera mendapat penanganan agar layanan radioterapi dapat dimanfaatkan oleh masyarakat.",tak jelas,https://awasi.id/ekonomi/wapres-tinjau-layanan-rsud-raden-mattaher-jambi-pastikan-penguatan-layanan-kesehatan-terus-berlanjut,2026-07-20
"Melalui peninjauan ini, pemerintah terus berupaya memperkuat kapasitas rumah sakit rujukan di berbagai daerah agar masyarakat memperoleh layanan kesehatan yang semakin berkualitas, merata, dan mudah diakses.",tak jelas,https://awasi.id/ekonomi/wapres-tinjau-layanan-rsud-raden-mattaher-jambi-pastikan-penguatan-layanan-kesehatan-terus-berlanjut,2026-07-20
Peninjauan ini dilakukan untuk memastikan pembangunan infrastruktur strategis berjalan sesuai target sehingga dapat memperkuat konektivitas antarwilayah serta mendukung kelancaran mobilitas masyarakat dan distribusi logistik.,tak jelas,https://awasi.id/ekonomi/tinjau-tol-bayung-lencir-wapres-pastikan-konektivitas-sumatra-berjalan-optimal,2026-07-20
"Hal ini bukan tugas aparat kepolisian saja, tetapi memerlukan sinergi dengan pemerintah baik pusat maupun daerah, tokoh agama dan masyarakat.",tak jelas,https://aksara24.id/2024/08/27/kapolda-jambi-ingatkan-pentingnya-sinergi-dalam-cegah-radikalisme-dan-intoleransi/,2026-07-21
"“Intinya kami selaku pengusaha ikut berperan aktif membantu masyarakat dan pemerintah,” ujarnya.",tak jelas,https://aksara24.id/2025/01/25/gerak-cepat-respon-insiden-tongkang-batubara-tabrak-jembatan-pptb-jambi-tanggung-jawab-perbaikan/,2026-07-21
"Momentum ini menjadi awal pengabdian mereka sebagai garda terdepan dalam menjaga kedaulatan negara, mempertahankan keutuhan Negara Kesatuan Republik Indonesia (NKRI), serta memberikan perlindungan, pengayoman, dan pelayanan kepada masyarakat.",tak jelas,https://amuranews.id/presiden-prabowo-pimpin-prasetya-perwira-tni-polri-di-istana-ribuan-capaja-resmi-sandang-pangkat-perwira/,2026-07-21
"mengajak warga untuk memperkuat sinergi dengan Polri melalui pemanfaatan Call Center 110, layanan darurat yang siap menerima laporan masyarakat selama 24 jam penuh.",tak jelas,https://amuranews.id/jangan-tunggu-jadi-korban-kapolresta-jambi-ajak-warga-bergerak-call-center-110-siaga-24-jam/,2026-07-21
"Ia menekankan bahwa setiap warga memiliki peran strategis dalam menjaga lingkungan, seperti segera melaporkan aktivitas mencurigakan, tidak mudah terprovokasi informasi yang belum jelas kebenarannya, serta terus menjaga kerukunan dan persatuan di tengah masyarakat.",tak jelas,https://amuranews.id/jangan-tunggu-jadi-korban-kapolresta-jambi-ajak-warga-bergerak-call-center-110-siaga-24-jam/,2026-07-21
"Sebagai bentuk pelayanan cepat kepada masyarakat, Polresta Jambi terus menyosialisasikan Call Center Polri 110, layanan bebas pulsa yang beroperasi selama 24 jam dan dapat diakses melalui seluruh jaringan telepon seluler maupun telepon rumah.",tak jelas,https://amuranews.id/jangan-tunggu-jadi-korban-kapolresta-jambi-ajak-warga-bergerak-call-center-110-siaga-24-jam/,2026-07-21
"Melalui layanan tersebut, masyarakat dapat melaporkan berbagai kejadian, antara lain tindak kriminalitas, aksi pencurian, perampokan, kekerasan, tawuran, geng motor, keributan massa, kecelakaan lalu lintas, ancaman terhadap keselamatan, hingga menyampaikan pengaduan maupun masukan terkait pelayanan kepolisian.",tak jelas,https://amuranews.id/jangan-tunggu-jadi-korban-kapolresta-jambi-ajak-warga-bergerak-call-center-110-siaga-24-jam/,2026-07-21
"Di sisi lain, Kapolresta juga mengingatkan masyarakat agar tidak menyalahgunakan layanan 110 dengan panggilan iseng atau laporan palsu, sehingga saluran darurat tersebut tetap dapat digunakan secara optimal oleh warga yang benar-benar membutuhkan bantuan.",tak jelas,https://amuranews.id/jangan-tunggu-jadi-korban-kapolresta-jambi-ajak-warga-bergerak-call-center-110-siaga-24-jam/,2026-07-21
"Setiap kewenangan yang dimiliki anggota Polri harus dijalankan secara profesional, beretika, dan berorientasi pada kepentingan masyarakat guna menjaga kepercayaan publik sekaligus mendukung berbagai program prioritas nasional.",tak jelas,https://amuranews.id/kapolda-jambi-resmi-buka-sekolah-bintara-polri-2026-awali-pembentukan-bhayangkara-berintegritas/,2026-07-21
"Kami berharap seluruh peserta didik mampu mengikuti setiap proses pembelajaran dengan disiplin sehingga nantinya hadir sebagai anggota Polri yang Presisi dan senantiasa memberikan pelayanan terbaik kepada masyarakat,” pungkasnya.",tak jelas,https://amuranews.id/kapolda-jambi-resmi-buka-sekolah-bintara-polri-2026-awali-pembentukan-bhayangkara-berintegritas/,2026-07-21
"Untuk TBC, pemerintah baru mampu menemukan sekitar 5.000 pasien padahal target deteksi lebih tinggi.",tak jelas,https://www.angsoduo.net/2026/07/gubernur-al-haris-buka-pkkmb-poltekkes-kemenkes-jambi-tekankan-peran-strategis-tenaga-kesehatan-dan-promosi-kesehatan,2026-07-21
"“Atas nama Pemerintah Provinsi Jambi dan masyarakat Jambi, kami mengucapkan selamat kepada Ibu [NAMA] yang kembali memimpin WALUBI.",tak jelas,https://www.angsoduo.net/2026/07/gubernur-al-haris-terima-audiensi-ketua-umum-dpp-walubi-siti-hartati-murdaya-bahas-kerukunan-dan-pemberdayaan-umat,2026-07-21
"Sekitar 50 personel gabungan yang terdiri dari TNI, Polri, BPBD, Manggala Agni, Dinas Pemadam Kebakaran, unsur perusahaan, Masyarakat Peduli Api (MPA), dan warga setempat diterjunkan dalam operasi terpadu.",tak jelas,https://amuranews.id/karhutla-landa-muaro-jambi-kasrem-042-gapu-turun-langsung-pastikan-api-lumpuh-total/,2026-07-22
Kegiatan yang mengusung tema “Berbagi Sarapan Bergizi” ini merupakan hasil kolaborasi antara TP PKK Provinsi Jambi dan Politeknik Kesehatan Kementerian Kesehatan Jambi sebagai mitra kerja dalam mendukung peningkatan kualitas kesehatan masyarakat melalui penyediaan makanan bergizi dan edukasi kesehatan.,tak jelas,https://www.angsoduo.net/2026/07/hj-hesti-haris-bersama-poltekkes-kemenkes-jambi-gelar-pojok-berkah-untuk-tingkatkan-gizi-masyarakat,2026-07-22
"Menurutnya, penyediaan sarapan bergizi merupakan salah satu langkah sederhana namun memiliki dampak besar terhadap kesehatan dan produktivitas masyarakat.",tak jelas,https://www.angsoduo.net/2026/07/hj-hesti-haris-bersama-poltekkes-kemenkes-jambi-gelar-pojok-berkah-untuk-tingkatkan-gizi-masyarakat,2026-07-22
"“Melalui kegiatan ini, Poltekkes Kemenkes Jambi juga ingin memperkuat peran institusi pendidikan kesehatan dalam pengabdian kepada masyarakat melalui kolaborasi lintas sektor,” kata Saprimail.",tak jelas,https://www.angsoduo.net/2026/07/hj-hesti-haris-bersama-poltekkes-kemenkes-jambi-gelar-pojok-berkah-untuk-tingkatkan-gizi-masyarakat,2026-07-22
"Kegiatan Pojok Berkah ini berlangsung dalam suasana penuh keakraban, masyarakat yang hadir menikmati sarapan bergizi yang telah disediakan sembari memperoleh edukasi mengenai pentingnya menjaga kesehatan, memenuhi kebutuhan gizi keluarga, serta menerapkan pola hidup bersih dan sehat.",tak jelas,https://www.angsoduo.net/2026/07/hj-hesti-haris-bersama-poltekkes-kemenkes-jambi-gelar-pojok-berkah-untuk-tingkatkan-gizi-masyarakat,2026-07-22
"Program Pojok Berkah TP PKK Provinsi Jambi diharapkan terus menjadi wadah kolaborasi antara pemerintah, institusi pendidikan, dunia usaha, dan berbagai pemangku kepentingan dalam menghadirkan pelayanan sosial yang bermanfaat bagi masyarakat sekaligus mendukung terwujudnya keluarga sehat, mandiri, dan sejahtera di Provinsi Jambi.",tak jelas,https://www.angsoduo.net/2026/07/hj-hesti-haris-bersama-poltekkes-kemenkes-jambi-gelar-pojok-berkah-untuk-tingkatkan-gizi-masyarakat,2026-07-22
"Sementara itu, Rizal, penumpang asal Jambi, menilai kegiatan tersebut menjadi nilai tambah bagi pelayanan KMP Sembilang.",tak jelas,https://awasi.id/daerah/di-tengah-laut-lepas-kmp-sembilang-hadirkan-suasana-khidmat-penumpang-khusyuk-salat-berjamaah-di-atas-dek,2026-07-22
"""IPTU Mulyadi menambahkan, stop geng motorGerakan ""Stop Geng Motor"" Upaya partisipasi aktif orang tua dan sekolah sangat penting untuk menyelamatkan masa depan anak-anak dari tindakan kriminal, Aktivitas geng motor sering kali memicu bentrokan, kekerasan, dan berbagai tindakan kriminal yang meresahkan warga serta mengancam keselamatan pelaku itu sendiri.",tak jelas,https://awasi.id/daerah/polsek-mendahara-himbau-seluruh-masyarakat-untuk-memperkuat-gerakan-stop-geng-motor,2026-07-23
Untuk melihat bagaimana aparat dan tokoh masyarakat setempat memperkuat gerakan tolak geng motor dan menjaga keamanan lingkungan.,tak jelas,https://awasi.id/daerah/polsek-mendahara-himbau-seluruh-masyarakat-untuk-memperkuat-gerakan-stop-geng-motor,2026-07-23
"Pendekatan ini tidak hanya diterapkan di sektor swasta yang berorientasi pada keuntungan, tetapi juga semakin relevan bagi organisasi sektor publik, termasuk lembaga peradilan yang memiliki tanggung jawab menegakkan hukum dan memberikan kepastian hukum kepada masyarakat.",tak jelas,https://bacahukum.com/2026/07/22/human-capital-dinilai-jadi-kunci-reformasi-birokrasi-dan-peningkatan-kinerja-lembaga-peradilan/,2026-07-23
"Melalui pengelolaan human capital yang tepat, lembaga peradilan diharapkan tidak hanya mampu meningkatkan kualitas pelayanan kepada masyarakat, tetapi juga memperkuat kepercayaan publik terhadap sistem peradilan sebagai salah satu pilar utama negara hukum.",tak jelas,https://bacahukum.com/2026/07/22/human-capital-dinilai-jadi-kunci-reformasi-birokrasi-dan-peningkatan-kinerja-lembaga-peradilan/,2026-07-23
"BacaHukum.com – Komisi Nasional Hak Asasi Manusia (Komnas HAM) mendorong perubahan kebijakan pengelolaan aset hasil tindak pidana korupsi agar tidak hanya masuk ke kas negara, tetapi juga dimanfaatkan secara langsung untuk memulihkan hak-hak masyarakat yang menjadi korban.",tak jelas,https://bacahukum.com/2026/07/22/komnas-ham-usulkan-aset-rampasan-korupsi-dikembalikan-untuk-pulihkan-hak-korban/,2026-07-23
"Rekomendasi tersebut ditujukan kepada aparat penegak hukum, yakni Komisi Pemberantasan Korupsi (KPK), Polri, dan Kejaksaan Agung, agar memberikan kemudahan bagi masyarakat yang dirugikan akibat tindak pidana korupsi dalam memperjuangkan haknya.",tak jelas,https://bacahukum.com/2026/07/22/komnas-ham-usulkan-aset-rampasan-korupsi-dikembalikan-untuk-pulihkan-hak-korban/,2026-07-23
"“Memberikan kemudahan bagi masyarakat korban korupsi terutama kelompok rentan atau perwakilan yang hendak mengajukan tuntutan sebagai korban yang dirugikan oleh tindak pidana korupsi,” demikian bunyi laporan penelitian Komnas HAM yang dikutip, Selasa (21/7/2026).",tak jelas,https://bacahukum.com/2026/07/22/komnas-ham-usulkan-aset-rampasan-korupsi-dikembalikan-untuk-pulihkan-hak-korban/,2026-07-23
"Usulan ini dinilai penting untuk memperkuat posisi masyarakat yang selama ini terdampak langsung oleh praktik korupsi, namun belum memperoleh mekanisme pemulihan yang memadai melalui sistem hukum yang berlaku.",tak jelas,https://bacahukum.com/2026/07/22/komnas-ham-usulkan-aset-rampasan-korupsi-dikembalikan-untuk-pulihkan-hak-korban/,2026-07-23
"Korupsi Dinilai Merampas Hak Dasar Warga
Komnas HAM berpandangan bahwa korupsi bukan sekadar tindak pidana yang merugikan keuangan negara, melainkan juga merupakan pelanggaran hak asasi manusia karena berdampak langsung terhadap pemenuhan hak-hak dasar masyarakat.",tak jelas,https://bacahukum.com/2026/07/22/komnas-ham-usulkan-aset-rampasan-korupsi-dikembalikan-untuk-pulihkan-hak-korban/,2026-07-23
"Praktik korupsi dinilai menghambat akses warga terhadap layanan publik, seperti pendidikan, kesehatan, hingga kesejahteraan.",tak jelas,https://bacahukum.com/2026/07/22/komnas-ham-usulkan-aset-rampasan-korupsi-dikembalikan-untuk-pulihkan-hak-korban/,2026-07-23
"Oleh sebab itu, pemanfaatan aset hasil korupsi untuk memperbaiki layanan publik dianggap sebagai bentuk tanggung jawab negara dalam memenuhi dan memulihkan hak-hak masyarakat yang terdampak.",tak jelas,https://bacahukum.com/2026/07/22/komnas-ham-usulkan-aset-rampasan-korupsi-dikembalikan-untuk-pulihkan-hak-korban/,2026-07-23
"Melalui mekanisme tersebut, hasil pemberantasan korupsi diharapkan tidak hanya memberikan efek jera kepada pelaku, tetapi juga menghadirkan manfaat nyata bagi masyarakat yang selama ini menanggung dampak dari tindak pidana korupsi.",tak jelas,https://bacahukum.com/2026/07/22/komnas-ham-usulkan-aset-rampasan-korupsi-dikembalikan-untuk-pulihkan-hak-korban/,2026-07-23
Langkah tersebut dinilai penting untuk melindungi kesehatan masyarakat sekaligus mengantisipasi penyalahgunaan narkotika melalui perangkat vape.,tak jelas,https://bacahukum.com/2026/07/21/brin-dorong-kebijakan-pengendalian-vape-berbasis-riset-cegah-penyalahgunaan-narkotika/,2026-07-23
"Selain penelitian di bidang kesehatan, BRIN juga mendorong kajian mengenai perilaku masyarakat untuk mengetahui faktor sosial, psikologis, ekonomi, hingga pengaruh lingkungan digital yang mendorong remaja mulai menggunakan vape.",tak jelas,https://bacahukum.com/2026/07/21/brin-dorong-kebijakan-pengendalian-vape-berbasis-riset-cegah-penyalahgunaan-narkotika/,2026-07-23
"Ia berharap kolaborasi antara BNN, BRIN, Kementerian Kesehatan, BPOM, Bea Cukai, dunia pendidikan, organisasi profesi, serta berbagai elemen masyarakat dapat menghasilkan kebijakan berbasis ilmu pengetahuan yang mampu melindungi generasi muda sekaligus memperkuat ketahanan kesehatan nasional.",tak jelas,https://bacahukum.com/2026/07/21/brin-dorong-kebijakan-pengendalian-vape-berbasis-riset-cegah-penyalahgunaan-narkotika/,2026-07-23
"Maulana menambahkan, dukungan Pemerintah Kota Jambi terhadap KORMI sangat kuat karena manfaatnya yang langsung menyentuh masyarakat.",tak jelas,https://bacahukum.com/2025/07/20/diza-hazra-aljosha-nahkodai-kormi-kota-jambi-maulana-olahraga-kunci-kota-bahagia/,2026-07-23
"“Diperlukan kolaborasi yang lebih kuat antara platform digital, lembaga pemerintah, perusahaan keamanan siber, lembaga keuangan, dan masyarakat untuk mengganggu ekosistem yang lebih luas yang memungkinkan kampanye-kampanye ini menyebar,” katanya.",tak jelas,https://bacahukum.com/2026/07/20/modus-baru-penyebaran-judi-online-picu-tantangan-baru-bagi-aparat-penegak-hukum/,2026-07-23
"Selain itu, masyarakat juga dapat memanfaatkan layanan aktivasi Identitas Kependudukan Digital (IKD), sosialisasi, serta pendaftaran Perlindungan Sosial (Perlinsos) Digital yang disediakan di lokasi acara.",tak jelas,https://bacahukum.com/2026/07/18/serbu-nobar-final-piala-dunia-di-jambi-ada-doorprize-umkm-hingga-voucher-belanja/,2026-07-23
"Karena itu, kami menghadirkan UMKM dan gerai Perlinsos agar masyarakat dapat menikmati layanan pemerintah sekaligus mendukung ekonomi kerakyatan,” ujarnya.",tak jelas,https://bacahukum.com/2026/07/18/serbu-nobar-final-piala-dunia-di-jambi-ada-doorprize-umkm-hingga-voucher-belanja/,2026-07-23
"Di semua urusan pelayanan publik, masyarakat harus membayar kepada petugas penyelenggara negara, yang mestinya melayani rakyat.",tak jelas,https://aksara24.id/2022/01/26/firli-bahuri-rangkul-pers-wujudkan-tujuan-indonesia/,2026-07-24
"Bisa ditafsirkan, pemerintah Jakarta tidak mampu memberikan air minum gratis bagi seluruh warga.",tak jelas,https://aksara24.id/2022/01/26/firli-bahuri-rangkul-pers-wujudkan-tujuan-indonesia/,2026-07-24
"Pertemuan tersebut menjadi momentum memperkuat kolaborasi lintas sektor dalam meningkatkan keselamatan berlalu lintas, menekan angka kecelakaan, serta mengoptimalkan pelayanan kepada masyarakat, khususnya korban kecelakaan lalu lintas.",tak jelas,https://amuranews.id/kapolda-jambi-didampingi-dirlantas-kombes-pol-adi-benny-cahyono-perkuat-kolaborasi-lintas-sektor-bersama-jasa-raharja/,2026-07-24
"“Sinergi yang telah terjalin antara Polda Jambi dan PT Jasa Raharja harus terus diperkuat sebagai bentuk komitmen bersama dalam memberikan perlindungan, pengayoman, dan pelayanan terbaik kepada masyarakat.",tak jelas,https://amuranews.id/kapolda-jambi-didampingi-dirlantas-kombes-pol-adi-benny-cahyono-perkuat-kolaborasi-lintas-sektor-bersama-jasa-raharja/,2026-07-24
"Melalui koordinasi yang semakin baik, penanganan korban kecelakaan lalu lintas dapat dilakukan lebih cepat, pelayanan semakin optimal, serta berbagai program keselamatan berlalu lintas dapat diimplementasikan secara berkelanjutan demi terciptanya keamanan dan keselamatan bagi seluruh pengguna jalan di Provinsi Jambi,” ujar Kombes Pol.",tak jelas,https://amuranews.id/kapolda-jambi-didampingi-dirlantas-kombes-pol-adi-benny-cahyono-perkuat-kolaborasi-lintas-sektor-bersama-jasa-raharja/,2026-07-24
"Dengan koordinasi yang semakin baik, penanganan korban kecelakaan dapat dilakukan lebih cepat, pelayanan semakin optimal, serta berbagai program keselamatan berlalu lintas dapat diimplementasikan secara berkelanjutan demi terciptanya keamanan dan keselamatan bagi seluruh pengguna jalan di Provinsi Jambi,” ujar Kombes Pol.",tak jelas,https://amuranews.id/kapolda-jambi-dan-jasa-raharja-perkuat-sinergi-fokus-tekan-angka-kecelakaan-dan-tingkatkan-pelayanan-korban/,2026-07-24
"Karena itu, masyarakat berharap Pertamina, BPH Migas, dan aparat penegak hukum, termasuk Polda Jambi, memperkuat pengawasan terhadap distribusi BBM subsidi.",tak jelas,https://amuranews.id/pajero-fortuner-dan-truk-bersatu-di-antrean-bbm-subsidi-ada-apa-di-spbu-kota-jambi/,2026-07-24
"Yang dipersoalkan masyarakat bukan sekadar merek kendaraan yang terlihat di antrean, melainkan rasa keadilan.",tak jelas,https://amuranews.id/pajero-fortuner-dan-truk-bersatu-di-antrean-bbm-subsidi-ada-apa-di-spbu-kota-jambi/,2026-07-24
Pertemuan membahas sinergi antara Pemerintah Provinsi Jambi dan PT Jasa Raharja dalam upaya peningkatan layanan kepada masyarakat juga tranportasi darat dan kontribusi pajak kendaraan di wilayah Provinsi Jambi.,tak jelas,https://www.angsoduo.net/2026/07/gubernur-al-haris-terima-audiensi-komisaris-utama-pt-jasa-raharja,2026-07-24
"Dalam sesi wawancara, Aan Suhanan mengungkapkan bahwa berbagai inovasi dan instrumen yang sedang direncanakan pemerintah daerah berpotensi mendorong peningkatan kepatuhan masyarakat terhadap kewajiban pajak.",tak jelas,https://www.angsoduo.net/2026/07/gubernur-al-haris-terima-audiensi-komisaris-utama-pt-jasa-raharja,2026-07-24
Ia menekankan pentingnya pajak sebagai sumber pembiayaan infrastruktur dan layanan publik yang kembali dinikmati masyarakat.,tak jelas,https://www.angsoduo.net/2026/07/gubernur-al-haris-terima-audiensi-komisaris-utama-pt-jasa-raharja,2026-07-24
"Kepala Balai Pelaksanaan Jalan Nasional (BPJN) Jambi Robert Eduard Sihotang, ST., M.Eng., Sc., perwakilan Islamic Development Bank (IsDB), Asian Infrastructure Investment Bank (AIIB), pemerintah kabupaten terkait, Badan Pertanahan Nasional (BPN), perangkat daerah, serta tokoh masyarakat dari wilayah yang terdampak.",tak jelas,https://www.angsoduo.net/2026/07/pemprov-jambi-percepat-persiapan-pembangunan-jalan-tol-jambi-rengat-fase-i-gubernur-al-haris-tekankan-sinergi-dan-kepastian-pengadaan-lahan,2026-07-24
"Menurut Al Haris, pembangunan jalan tol merupakan kebutuhan masyarakat karena akan meningkatkan konektivitas, mempercepat mobilitas, mengurangi kemacetan, serta mendorong pertumbuhan ekonomi di wilayah yang dilalui.",tak jelas,https://www.angsoduo.net/2026/07/pemprov-jambi-percepat-persiapan-pembangunan-jalan-tol-jambi-rengat-fase-i-gubernur-al-haris-tekankan-sinergi-dan-kepastian-pengadaan-lahan,2026-07-24
"Berbagai langkah mitigasi akan dilakukan, mulai dari pengendalian debu, kebisingan, keselamatan kerja, perlindungan habitat, hingga penyediaan akses masyarakat melalui pembangunan underpass maupun overpass apabila terdapat jalan masyarakat yang terdampak.",tak jelas,https://www.angsoduo.net/2026/07/pemprov-jambi-percepat-persiapan-pembangunan-jalan-tol-jambi-rengat-fase-i-gubernur-al-haris-tekankan-sinergi-dan-kepastian-pengadaan-lahan,2026-07-24
"Selain itu, pemerintah bersama mitra pendanaan juga menyiapkan program pemulihan mata pencaharian masyarakat terdampak serta membuka ruang komunikasi melalui mekanisme penanganan keluhan dan konsultasi rutin bersama pemerintah desa dan masyarakat.",tak jelas,https://www.angsoduo.net/2026/07/pemprov-jambi-percepat-persiapan-pembangunan-jalan-tol-jambi-rengat-fase-i-gubernur-al-haris-tekankan-sinergi-dan-kepastian-pengadaan-lahan,2026-07-24
"Pemerintah Provinsi Jambi mengundang masyarakat umum, wisatawan, dan pelaku usaha untuk berpartisipasi dan menikmati rangkaian acara hingga penutupan,” lanjutnya.",tak jelas,https://www.angsoduo.net/2026/07/gubernur-al-haris-buka-jambi-elok-nian-kota-jambi-2026-bahagia-berbudaya-di-serambi-tanah-pilih-pusako-betuah,2026-07-24
"Kini terminal terlihat bersih, tertata rapi, nyaman, serta memiliki fasilitas yang semakin baik sehingga mampu memberikan pelayanan yang lebih layak kepada masyarakat.",tak jelas,https://www.angsoduo.net/2026/07/pemprov-jambi-dukung-penguatan-ekosistem-transportasi-darat-dan-kendaraan-listrik-melalui-kunjungan-kerja-ditjen-perhubungan-darat,2026-07-24
"Terminal Alam Barajo kini semakin representatif sebagai pusat pelayanan transportasi bagi masyarakat,” ujar Ariansyah.",tak jelas,https://www.angsoduo.net/2026/07/pemprov-jambi-dukung-penguatan-ekosistem-transportasi-darat-dan-kendaraan-listrik-melalui-kunjungan-kerja-ditjen-perhubungan-darat,2026-07-24
"Menurutnya, kolaborasi lintas sektor sangat diperlukan agar masyarakat semakin terdorong beralih menggunakan transportasi yang lebih ramah lingkungan, sejalan dengan komitmen pembangunan berkelanjutan dan upaya pengendalian perubahan iklim.",tak jelas,https://www.angsoduo.net/2026/07/pemprov-jambi-dukung-penguatan-ekosistem-transportasi-darat-dan-kendaraan-listrik-melalui-kunjungan-kerja-ditjen-perhubungan-darat,2026-07-24
"Konsep tersebut menjadikan terminal tidak hanya sebagai tempat naik dan turun penumpang, tetapi juga sebagai kawasan yang terintegrasi dengan aktivitas perdagangan, ruang usaha, fasilitas publik, hingga ruang olahraga sehingga mampu menjadi pusat aktivitas masyarakat sekaligus mendorong pertumbuhan ekonomi daerah.",tak jelas,https://www.angsoduo.net/2026/07/pemprov-jambi-dukung-penguatan-ekosistem-transportasi-darat-dan-kendaraan-listrik-melalui-kunjungan-kerja-ditjen-perhubungan-darat,2026-07-24
"Berbagai fasilitas seperti CCTV, penerangan kawasan, ruang pelayanan, hingga penataan lingkungan kini telah menjadikan terminal lebih aman, nyaman, dan representatif bagi masyarakat.",tak jelas,https://www.angsoduo.net/2026/07/pemprov-jambi-dukung-penguatan-ekosistem-transportasi-darat-dan-kendaraan-listrik-melalui-kunjungan-kerja-ditjen-perhubungan-darat,2026-07-24
"Kami berharap apa yang kami sampaikan nanti akan diperdalam oleh para narasumber yang dalam diskusi nanti serta bisa menjadi rujukan kita bersama dalam penguatan koordinasi perumusan kebijakan serta pendidikan lapangan konkret yang semakin tepat sasaran untuk menyediakan stabilitas dan mendorong pertumbuhan ekonomi yang berkelanjutan sehingga memberikan manfaat nyata bagi penguatan ekonomi regional dan kesejahteraan masyarakat,” pungkas Robby.",tak jelas,https://www.angsoduo.net/2026/07/hadiri-forum-ekonomi-bisnis-sekda-sudirman-tekankan-tata-kelola-migas-dengan-memperhatikan-aspek-lingkungan,2026-07-24
"Di tengah kebijakan efisiensi belanja pemerintah, sejumlah kalangan menilai perbedaan nilai anggaran tersebut perlu dijelaskan secara terbuka agar tidak menimbulkan berbagai spekulasi di tengah masyarakat.",tak jelas,https://awasi.id/daerah/proyek-pagar-dprd-batam-rp2-35-m-disorot-selisih-anggaran-dan-dugaan-pemanfaatan-fasilitas-negara-dipertanyakan,2026-07-24
"Sejumlah pemerhati tata kelola pemerintahan menilai keterbukaan informasi sangat diperlukan agar masyarakat memperoleh penjelasan yang utuh mengenai pelaksanaan proyek, termasuk rincian anggaran, mekanisme kontrak, serta dasar hukum apabila terdapat penggunaan aset milik pemerintah oleh pihak pelaksana pekerjaan.",tak jelas,https://awasi.id/daerah/proyek-pagar-dprd-batam-rp2-35-m-disorot-selisih-anggaran-dan-dugaan-pemanfaatan-fasilitas-negara-dipertanyakan,2026-07-24
"âMelalui kegiatan ini, Poltekkes Kemenkes Jambi juga ingin memperkuat peran institusi pendidikan kesehatan dalam pengabdian kepada masyarakat melalui kolaborasi lintas sektor,â kata Saprimail.",tak jelas,https://awasi.id/daerah/hj-hesti-haris-bersama-poltekkes-kemenkes-jambi-gelar-pojok-berkah-untuk-tingkatkan-gizi-masyarakat,2026-07-24
"Tanggung jawab memenuhi hak-hak anak bukan hanya berada di tangan orang tua, tetapi juga memerlukan sinergi pemerintah, lembaga pendidikan, dunia usaha, serta seluruh elemen masyarakat hingga ke tingkat desa,"" ujar Hesnidar Haris.",tak jelas,https://awasi.id/daerah/peringatan-hari-anak-nasional-bunda-paud-provinsi-jambi-tekankan-perlindungan-anak-pendidikan-inklusif-dan-pendampingan-di-era-digital,2026-07-24
"Melalui kolaborasi lintas sektor dan keterlibatan seluruh lapisan masyarakat, Pemerintah Provinsi Jambi optimistis dapat mewujudkan lingkungan yang aman, sehat, inklusif, dan ramah anak, sehingga setiap anak di Provinsi Jambi memiliki kesempatan yang sama untuk tumbuh, berkembang, dan meraih masa depan yang lebih baik.",tak jelas,https://awasi.id/daerah/peringatan-hari-anak-nasional-bunda-paud-provinsi-jambi-tekankan-perlindungan-anak-pendidikan-inklusif-dan-pendampingan-di-era-digital,2026-07-24
"“Untuk banjir masyarakat sudah siap, namun yang menjadi permasalahan akibat banjir ini ialah kegiatan masyarakat terganggu termasuk perekonomian rumah tangga,”ucapnya.",tak jelas,https://aksara24.id/2024/01/24/anggota-dprd-provinsi-jambi-sebut-banjir-pengaruhi-ekonomi-rumah-tangga/,2026-07-25
Dengan ekonomi rumah tangga masyarakat yang terganggu membutuhkan bantuan pemerintah terhadap masyarakat yang terkena dampaknya.,tak jelas,https://aksara24.id/2024/01/24/anggota-dprd-provinsi-jambi-sebut-banjir-pengaruhi-ekonomi-rumah-tangga/,2026-07-25
"“Sekiranya pemerintah punya data rumah-rumah warga yang terkena banjir dan segera kirim bantuan,” tutupnya.(Adv)",tak jelas,https://aksara24.id/2024/01/24/anggota-dprd-provinsi-jambi-sebut-banjir-pengaruhi-ekonomi-rumah-tangga/,2026-07-25
"Melalui sinergi TNI, pemerintah daerah, kelompok tani, dan seluruh pemangku kepentingan, program ini diharapkan selesai tepat waktu sehingga lahan yang telah dibuka dapat segera ditanami dan memberikan manfaat nyata bagi masyarakat.",tak jelas,https://amuranews.id/danrem-042-garuda-putih-kawal-langsung-cetak-sawah-rakyat-tegaskan-komitmen-wujudkan-lumbung-pangan-baru-di-tebo/,2026-07-25
"Dalam agenda silaturrahmi 4 Camat yang berada di Kabupaten Muara Bungo diantara Kepala Kecamatan Pasar, Bungo Dani, Rimbo Tengah dan Bathin III hadir dalam rangka menerima data tunggakan kendaraan milik warga yang berada di masing-masing wilayah kecamatan otorisasi kerja mereka.",tak jelas,https://aksara24.id/2023/04/09/jasa-raharja-dan-tim-samsat-bungo-serahkan-data-tunggakan-kendaraan-kepada-4-camat/,2026-07-27
Data tunggakan yang diserahkan dalam agenda silaturahmi bersama 4 Camat di Kabupaten Muara Bungo diharapkan menjadi jembatan informasi dari Kepala Camat kepada jajarannya baik lurah kemudian Kepala RT untuk menindaklanjuti kepada masyarakat agar patuh membayarkan tunggakan pajak hingga sumbangan Wajib sehingga kendaraan bermotor yang dimiliki warga Kabupaten Muara Bungo terhindar dari penghapus data regident dan tidak bisa di gunakan di jalan raya.,tak jelas,https://aksara24.id/2023/04/09/jasa-raharja-dan-tim-samsat-bungo-serahkan-data-tunggakan-kendaraan-kepada-4-camat/,2026-07-27
"Menurutnya, kolaborasi antara pemerintah daerah dan Jasa Raharja sangat penting dalam mendukung peningkatan kepatuhan masyarakat membayar pajak kendaraan, yang menjadi salah satu sumber pendapatan daerah untuk membiayai pembangunan dan pelayanan kepada masyarakat.",tak jelas,https://amuranews.id/al-haris-dan-jasa-raharja-perkuat-sinergi-dorong-kepatuhan-pajak-dan-perbaikan-infrastruktur-jambi/,2026-07-27
"Penataan jalan menjadi tanggung jawab bersama agar manfaat pembangunan benar-benar dirasakan masyarakat,” tegas Al Haris.",tak jelas,https://amuranews.id/al-haris-dan-jasa-raharja-perkuat-sinergi-dorong-kepatuhan-pajak-dan-perbaikan-infrastruktur-jambi/,2026-07-27
"Ia berharap sinergi antara PT Jasa Raharja, pemerintah daerah, dan seluruh pemangku kepentingan terus diperkuat demi meningkatkan kualitas pelayanan publik, menjaga infrastruktur, serta mengoptimalkan penerimaan daerah untuk kesejahteraan masyarakat.",tak jelas,https://amuranews.id/al-haris-dan-jasa-raharja-perkuat-sinergi-dorong-kepatuhan-pajak-dan-perbaikan-infrastruktur-jambi/,2026-07-27
"Menurutnya, ini adalah bentuk nyata akuntabilitas pemerintah kepada masyarakat Jambi.",tak jelas,https://www.angsoduo.net/2026/07/gubernur-al-haris-apresiasi-dprd-ranperda-pertanggungjawaban-apbd-2025-disetujui-jadi-perda,2026-07-27
"Pemerintah membutuhkan masukan, kritik yang membangun, serta ide-ide segar dari mahasiswa untuk mempercepat pembangunan dan meningkatkan kesejahteraan masyarakat,” katanya.",tak jelas,https://www.angsoduo.net/2026/07/gubernur-al-haris-hadiri-pembukaan-munas-xix-bem-si-kerakyatan-di-unja-dorong-mahasiswa-jadi-mitra-pembangunan-bangsa,2026-07-27
"Menurutnya, tata kelola perusahaan harus mampu menjamin perlindungan terhadap hak pekerja, masyarakat, maupun lingkungan.",tak jelas,https://bacahukum.com/2026/07/29/kementerian-ham-siapkan-perpres-bisnis-dan-ham-perkuat-kepastian-hukum-bagi-dunia-usaha/,2026-07-29
"Untuk mewujudkan tujuan tersebut, Pigai mengajak seluruh pemangku kepentingan, mulai dari pemerintah daerah, pelaku usaha, kalangan akademisi, komunitas, hingga masyarakat sipil, untuk memperkuat kolaborasi dalam mengimplementasikan prinsip bisnis dan HAM.",tak jelas,https://bacahukum.com/2026/07/29/kementerian-ham-siapkan-perpres-bisnis-dan-ham-perkuat-kepastian-hukum-bagi-dunia-usaha/,2026-07-29
Upaya tersebut juga diharapkan dapat meningkatkan kepercayaan publik terhadap pelaksanaan program-program BGN yang menggunakan anggaran negara serta melibatkan pelayanan kepada masyarakat.,tak jelas,https://bacahukum.com/2026/07/28/bgn-berhentikan-ratusan-pegawai-dugaan-judi-online-hingga-penyalahgunaan-dana-jadi-sorotan/,2026-07-29
"Di sisi lain, tren pengaduan masyarakat masih didominasi transaksi melalui platform digital.",tak jelas,https://bacahukum.com/2026/07/28/kemendag-dorong-revisi-uu-perlindungan-konsumen-untuk-hadapi-scam-dan-pinjol-ilegal/,2026-07-29
"Melihat tingginya jumlah pengaduan tersebut, revisi Undang-Undang Perlindungan Konsumen dinilai menjadi langkah penting untuk memperkuat perlindungan masyarakat di tengah semakin pesatnya perkembangan perdagangan berbasis digital sekaligus menjawab berbagai tantangan hukum yang muncul di era ekonomi digital.",tak jelas,https://bacahukum.com/2026/07/28/kemendag-dorong-revisi-uu-perlindungan-konsumen-untuk-hadapi-scam-dan-pinjol-ilegal/,2026-07-29
"Tinjauan ini guna memastikan seluruh rangkaian kegiatan MPLS dapat berjalan aman, tertib, dan lancar bagi 370 siswa peserta didik baru yang berasal dari keluarga Desil 1, atau kelompok masyarakat yang menjadi prioritas dalam Program Sekolah Rakyat, dijadwalkan mengikuti rangkaian kegiatan MPLS.",tak jelas,https://bacahukum.com/2026/07/24/wali-kota-jambi-tinjau-sekolah-rakyat-pastikan-mpls-berjalan-aman-dan-lancar/,2026-07-29
Program ini merupakan tindak lanjut dalam mengoptimalkan sistem Operator Pengumpul Sampah Berbasis Masyarakat (OPBM) yang tengah dipercepat di Kota Jambi.,tak jelas,https://bacahukum.com/2026/05/18/keren-pemkot-jambi-luncurkan-armada-sampah-digital-bisa-dipantau-jarak-jauh/,2026-07-29
Bentor tersebut bertugas mengangkut sampah dari rumah warga ke depo transfer terdekat.,tak jelas,https://bacahukum.com/2026/05/18/keren-pemkot-jambi-luncurkan-armada-sampah-digital-bisa-dipantau-jarak-jauh/,2026-07-29
"Ia juga mengimbau masyarakat untuk tidak lagi membuang sampah sembarangan, termasuk di TPS liar atau pinggir jalan.",tak jelas,https://bacahukum.com/2026/05/18/keren-pemkot-jambi-luncurkan-armada-sampah-digital-bisa-dipantau-jarak-jauh/,2026-07-29
"Masyarakat harus memanfaatkan layanan OPBM agar pengelolaan sampah lebih tertata,” pungkasnya.",tak jelas,https://bacahukum.com/2026/05/18/keren-pemkot-jambi-luncurkan-armada-sampah-digital-bisa-dipantau-jarak-jauh/,2026-07-29
"Desakan Transparansi dan Kepastian Hukum
Lambannya perkembangan kasus ini semakin memicu spekulasi di masyarakat.",tak jelas,https://bacahukum.com/2025/04/14/skandal-pt-hal-menyeret-anak-mantan-gubernur-bank-indonesia/,2026-07-29
Transparansi menjadi kunci dalam membangun kepercayaan masyarakat terhadap institusi hukum.,tak jelas,https://bacahukum.com/2025/04/14/skandal-pt-hal-menyeret-anak-mantan-gubernur-bank-indonesia/,2026-07-29
"Menurut MK, keterlibatan berbagai pihak tersebut diperlukan agar kebijakan tarif tidak hanya memberikan kepastian bagi penyelenggara telekomunikasi, tetapi juga menjamin perlindungan hukum yang adil bagi masyarakat sebagai pengguna layanan.",tak jelas,https://bacahukum.com/2026/07/24/mk-putuskan-sisa-kuota-internet-tidak-boleh-hangus-operator-wajib-menjamin-hak-konsumen/,2026-07-29
"Dalam pertimbangannya, MK menekankan bahwa seluruh kebijakan tarif harus tetap berlandaskan pada prinsip perlindungan hak konsumen dan kepastian hukum atas kepemilikan manfaat layanan telekomunikasi yang telah dibeli pengguna.",tak jelas,https://bacahukum.com/2026/07/24/mk-putuskan-sisa-kuota-internet-tidak-boleh-hangus-operator-wajib-menjamin-hak-konsumen/,2026-07-29
"Dengan adanya ketentuan tersebut, pemerintah berharap praktik penagihan pinjaman online dapat berjalan sesuai koridor hukum serta memberikan perlindungan yang lebih kuat terhadap hak-hak masyarakat, khususnya terkait keamanan data pribadi dan perlindungan konsumen jasa keuangan.",tak jelas,https://bacahukum.com/2026/06/11/penagihan-pinjol-ke-pihak-lain-dinilai-ilegal-berpotensi-langgar-uu-pdp/,2026-07-29
"Setiap rumah sakit memiliki permasalahan berbeda, sehingga kami berharap pemerintah pusat dapat hadir untuk memenuhi kebutuhan dasar kesehatan masyarakat,” pungkasnya.",tak jelas,https://bacahukum.com/2025/06/05/audiensi-dengan-menkes-gubernur-al-haris-dorong-pemerataan-dan-penguatan-layanan-kesehatan-daerah/,2026-07-29
"Hafiz Fattah bersama perwakilan aliansi masyarakat Jambi bertemu dengan Badan Aspirasi Masyarakat (BAM) DPR RI di Kompleks Parlemen, Senayan, Jakarta, Selasa (30/9/2025).",tak jelas,https://aksara24.id/2025/09/30/ketua-dprd-jambi-sampaikan-aspirasi-masyarakat-ke-bam-dpr-ri/,2026-07-30
"“Kami akan mengupayakan agenda rutin bersama aliansi masyarakat, membahas isu-isu seperti jalan angkutan batu bara, desa dalam kawasan hutan, UMKM, keterbukaan informasi, hingga dugaan kriminalisasi aktivis,” ujar Bakhri.",tak jelas,https://aksara24.id/2025/09/30/ketua-dprd-jambi-sampaikan-aspirasi-masyarakat-ke-bam-dpr-ri/,2026-07-30
"Rusdi Hartono lakukan pelepasan bantuan sosial kepada masyarakat berupa paket sembako pada Selasa, (25/06/2024).",tak jelas,https://aksara24.id/2024/06/25/sambut-hari-bhayangkara-ke-78-kapolda-jambi-lepas-ribuan-paket-sembako/,2026-07-30
Ia menekankan pentingnya peran sekolah dan masyarakat dalam membimbing generasi muda menuju masa depan yang lebih baik.,tak jelas,https://www.angsoduo.net/2026/07/buka-mpls-srt-1-tanjabtim-pesan-gubernur-al-haris-tekun-belajar-dan-terima-kasih-ke-pemerintah-pusat,2026-07-30
Menurutnya penyelenggaraan pendidikan inklusif bagi masyarakat marginal di Indonesia adalah wujud nyata komitmen pemerintah dalam menjamin hak pendidikan bagi seluruh warga negara tanpa terkecuali.,tak jelas,https://www.angsoduo.net/2026/07/buka-mpls-srt-1-tanjabtim-pesan-gubernur-al-haris-tekun-belajar-dan-terima-kasih-ke-pemerintah-pusat,2026-07-30
"Lengkapnya fasilitas fisik SRT 1 mendapat perhatian khusus, selain ruang belajar yang layak, sekolah ini juga dilengkapi asrama, fasilitas warga sekolah, dan sarana pendukung lain yang menurutnya berkualitas sangat baik.",tak jelas,https://www.angsoduo.net/2026/07/buka-mpls-srt-1-tanjabtim-pesan-gubernur-al-haris-tekun-belajar-dan-terima-kasih-ke-pemerintah-pusat,2026-07-30
"“Dari mulai tempat sekolah yang luar biasa, kemudian juga asrama yang bagus, kemudian juga ada tempat warga-nya juga bagus, lengkap semuanya.",tak jelas,https://www.angsoduo.net/2026/07/buka-mpls-srt-1-tanjabtim-pesan-gubernur-al-haris-tekun-belajar-dan-terima-kasih-ke-pemerintah-pusat,2026-07-30
"Kita juga berharap lulusan sekolah ini nantinya menjadi generasi yang berakhlak dan siap berkontribusi bagi keluarga dan masyarakat,” tambahnya.",tak jelas,https://www.angsoduo.net/2026/07/buka-mpls-srt-1-tanjabtim-pesan-gubernur-al-haris-tekun-belajar-dan-terima-kasih-ke-pemerintah-pusat,2026-07-30
"Hasan Basri Agus, MM (HBA) juga mengapresiasi rasa syukur yang disampaikan para orang tua dan wali murid di berbagai daerah menyusul bergulirnya Program Sekolah Rakyat yang digagas Presiden RI Prabowo Subianto.",tak jelas,https://www.angsoduo.net/2026/07/buka-mpls-srt-1-tanjabtim-pesan-gubernur-al-haris-tekun-belajar-dan-terima-kasih-ke-pemerintah-pusat,2026-07-30
“Atas nama masyarakat dan Pemerintah Kabupaten Tanjung Jabung Timur saya menyampaikan terima kasih kepada pemerintah pusat dan Pemerintah Provinsi Jambi yang telah menetapkan pembangunan Sekolah Rakyat di Tanjung Jabung Timur.,tak jelas,https://www.angsoduo.net/2026/07/buka-mpls-srt-1-tanjabtim-pesan-gubernur-al-haris-tekun-belajar-dan-terima-kasih-ke-pemerintah-pusat,2026-07-30
"“Kegiatan evaluasi ini diharapkan menghasilkan rekomendasi yang dapat diimplementasikan oleh pemerintah provinsi dan perangkat daerah untuk memperbaiki akuntabilitas kinerja, mempercepat pencapaian target pembangunan, dan meningkatkan pelayanan publik bagi masyarakat Jambi,” pungkasnya.",tak jelas,https://www.angsoduo.net/2026/07/gubernur-al-haris-sambut-evaluasi-sakip-2025-dorong-pemerintahan-akuntabel-dan-pelayanan-publik-berkualitas,2026-07-30
"Silakan manfaatkan fasilitas Pemerintah Kota apabila dibutuhkan, karena ini merupakan kepentingan bersama dalam menjaga keamanan masyarakat,” tegas Maulana.",tak jelas,https://bacahukum.com/2026/07/30/pemkot-jambi-dan-polresta-deklarasi-perang-terhadap-geng-motor/,2026-07-30
"“Berangkat dari data kecelakaan lalu lintas yang didominasi usia muda, kami berkolaborasi dengan Pemerintah Kota Jambi melaksanakan patroli rutin guna mencegah aksi geng motor, balap liar, tindak kriminal jalanan, serta menciptakan rasa aman bagi masyarakat,” jelasnya.",tak jelas,https://bacahukum.com/2026/07/30/pemkot-jambi-dan-polresta-deklarasi-perang-terhadap-geng-motor/,2026-07-30
"Penyesuaian ini dilakukan sebagai bagian dari langkah untuk memperluas akses masyarakat terhadap layanan peradilan, terutama bagi pencari keadilan dari kalangan tidak mampu.",tak jelas,https://bacahukum.com/2026/03/06/badilum-turunkan-biaya-kasasi-dan-pk-elektronik-untuk-masyarakat-tidak-mampu/,2026-07-30
Dalam salah satu pertimbangan keputusan tersebut disebutkan bahwa setiap warga negara yang tidak mampu memiliki hak untuk memperoleh layanan hukum yang pembiayaannya ditanggung oleh negara.,tak jelas,https://bacahukum.com/2026/03/06/badilum-turunkan-biaya-kasasi-dan-pk-elektronik-untuk-masyarakat-tidak-mampu/,2026-07-30
"Oleh karena itu, lembaga peradilan memiliki kewajiban untuk memberikan kesempatan seluas-luasnya bagi masyarakat tidak mampu agar dapat memperoleh akses terhadap layanan hukum.",tak jelas,https://bacahukum.com/2026/03/06/badilum-turunkan-biaya-kasasi-dan-pk-elektronik-untuk-masyarakat-tidak-mampu/,2026-07-30
"Melalui sistem elektronik, proses pengajuan perkara diharapkan dapat berjalan lebih efisien, transparan, serta memberikan kemudahan bagi masyarakat dalam mengakses layanan peradilan.",tak jelas,https://bacahukum.com/2026/03/06/badilum-turunkan-biaya-kasasi-dan-pk-elektronik-untuk-masyarakat-tidak-mampu/,2026-07-30
"Kunjungan ini bertujuan untuk memastikan bahwa pelayanan keimigrasian, khususnya pembuatan E-Paspor, berjalan lancar dan memberikan kemudahan bagi masyarakat.",tak jelas,https://bacahukum.com/2025/07/23/wali-kota-jambi-tinjau-layanan-e-paspor-di-mpp-pastikan-pelayanan-mudah-dan-cepat/,2026-07-30
"“Kami akan terus memperbaiki kinerja dan mutu pelayanan agar masyarakat makin mudah mengurus keperluan keimigrasian,” ungkapnya.",tak jelas,https://bacahukum.com/2025/07/23/wali-kota-jambi-tinjau-layanan-e-paspor-di-mpp-pastikan-pelayanan-mudah-dan-cepat/,2026-07-30
"Kunjungan ini menjadi langkah nyata Pemkot Jambi dalam memastikan setiap pelayanan publik, termasuk keimigrasian, berjalan maksimal dan memberikan kepuasan kepada warga.",kota,https://bacahukum.com/2025/07/23/wali-kota-jambi-tinjau-layanan-e-paspor-di-mpp-pastikan-pelayanan-mudah-dan-cepat/,2026-07-30
"“Menjelang Hari Raya Idul Fitri, Pemerintah Provinsi Jambi harus memastikan keamanan bagi masyarakat yang akan mudik maupun yang melintasi wilayah Jambi.",tak jelas,https://bacahukum.com/2025/03/19/gubernur-jambi-perkuat-kesiapan-menyambut-idul-fitri-2025/,2026-07-31
"Dengan langkah-langkah ini, Pemerintah Provinsi Jambi berkomitmen untuk menciptakan suasana Lebaran yang aman, nyaman, dan penuh kebahagiaan bagi seluruh masyarakat Jambi dan para pengunjung.",tak jelas,https://bacahukum.com/2025/03/19/gubernur-jambi-perkuat-kesiapan-menyambut-idul-fitri-2025/,2026-07-31
"Selain itu, personel akan dikerahkan untuk memberikan bantuan sosial kepada masyarakat yang terdampak banjir, mengingat beberapa wilayah di Jambi masih mengalami bencana banjir.",tak jelas,https://bacahukum.com/2025/03/19/gubernur-jambi-perkuat-kesiapan-menyambut-idul-fitri-2025/,2026-07-31
"“Untuk masyarakat, kami juga mengimbau agar berhati-hati selama libur Natal dan Tahun Baru dengan memastikan kendaraan dalam kondisi laik jalan.",tak jelas,https://aksara24.id/2024/12/29/dirut-jasa-raharja-dampingi-wamenhub-sidak-kelaikan-bus-pariwisata-di-prambanan/,2026-08-01
"Baginya, ini bukan hanya soal memperbaiki fisik rumah, tetapi juga menunjukkan perhatian pemerintah terhadap masyarakat yang membutuhkan.",tak jelas,https://aksara24.id/2024/05/27/program-dumisake-tingkatkan-kualitas-hunian-melalui-bedah-rumah/,2026-08-01
"Dengan demikian, bantuan bedah rumah menjadi manifestasi konkret dari perhatian dan kepedulian pemerintah dalam membantu masyarakat berpenghasilan rendah untuk meningkatkan kualitas huni mereka.",tak jelas,https://aksara24.id/2024/05/27/program-dumisake-tingkatkan-kualitas-hunian-melalui-bedah-rumah/,2026-08-01
"Program ini tidak hanya mengutamakan perbaikan fisik, tetapi juga bertujuan untuk memupuk keswadayaan dan semangat gotong royong dalam masyarakat, dengan harapan dapat meningkatkan kualitas hidup secara signifikan, baik dari segi kesehatan, kenyamanan, maupun keselamatan.",tak jelas,https://aksara24.id/2024/05/27/program-dumisake-tingkatkan-kualitas-hunian-melalui-bedah-rumah/,2026-08-01
"Tanjung Jabung Timur 8 Desa
Program Dumisake Bedah Rumah menjadi manifestasi konkret dari perhatian dan kepedulian pemerintah dalam membantu masyarakat berpenghasilan rendah untuk meningkatkan kualitas huni mereka dan saat ini kegiatannya masih berjalan.",tak jelas,https://aksara24.id/2024/05/27/program-dumisake-tingkatkan-kualitas-hunian-melalui-bedah-rumah/,2026-08-01
Hal ini menunjukkan komitmen yang kuat dari pemerintah dalam memberikan dukungan yang berkelanjutan untuk memperbaiki kualitas hunian bagi masyarakat berpenghasilan rendah di wilayah tersebut.,tak jelas,https://aksara24.id/2024/05/27/program-dumisake-tingkatkan-kualitas-hunian-melalui-bedah-rumah/,2026-08-01
"Dengan sinergi yang baik, setiap tugas dan kewenangan masing-masing institusi dapat berjalan secara efektif dalam memberikan pelayanan hukum terbaik kepada masyarakat,” ujar Kabid Humas.",tak jelas,https://amuranews.id/kombes-john-ginting-dampingi-kapolda-jambi-perkuat-sinergi-hukum-dengan-pengadilan-tinggi-jambi/,2026-08-01
"Dengan adanya penyegaran kepemimpinan tersebut, Polda Jambi optimistis dapat terus meningkatkan kualitas pelayanan, memperkuat sinergi dengan seluruh elemen masyarakat, serta menjaga situasi kamtibmas yang aman, tertib, dan kondusif di wilayah hukum Polda Jambi.",tak jelas,https://amuranews.id/penyegaran-kepemimpinan-polda-jambi-brigjen-pol-k-yani-sudarto-resmi-emban-amanah-sebagai-wakapolda/,2026-08-01
Erlan Munaji menyampaikan bahwa komunikasi dan koordinasi antar lembaga penegak hukum menjadi faktor penting dalam mewujudkan pelayanan hukum yang optimal kepada masyarakat.,tak jelas,https://amuranews.id/perkuat-sinergi-penegakan-hukum-kapolda-jambi-dan-ketua-pt-jambi-bangun-kolaborasi-strategis/,2026-08-01
"Investigasi ini turut melibatkan Balai Perhutanan Sosial Kampar, Dinas Kehutanan Provinsi Jambi, Satuan Pengamanan dan Penegakan Hukum Kehutanan (Gakkumhut), serta warga Desa Simpang Rantau Gedang.",tak jelas,https://bacahukum.com/2026/07/31/sengketa-koperasi-di-mersam-kth-jaya-bersama-dan-koperasi-fajar-hutan-kehidupan-bongkar-perambahan-hutan-di-area-wks/,2026-08-01
"Menyikapi kerugian negara dan ancaman kerusakan lingkungan yang sangat serius ini, para aktivis dan masyarakat setempat menyampaikan desakan keras:
- Meminta Kejaksaan Negeri Batanghari, Polres Batanghari, Satgas Gakkumhut, dan Dinas Kehutanan Provinsi Jambi untuk segera bergerak menindaklanjuti temuan ini tanpa tebang pilih.",tak jelas,https://bacahukum.com/2026/07/31/sengketa-koperasi-di-mersam-kth-jaya-bersama-dan-koperasi-fajar-hutan-kehidupan-bongkar-perambahan-hutan-di-area-wks/,2026-08-01
Hal ini menunjukkan bahwa peredaran narkotika masih menjadi ancaman serius yang harus ditangani secara bersama-sama oleh seluruh elemen masyarakat dan pemerintah.,tak jelas,https://bacahukum.com/2024/12/24/bnnp-jambi-ungkap-25-kasus-narkotika-sepanjang-2024-48-tersangka-diamankan/,2026-08-01
"Melalui upaya berkesinambungan, BNNP Jambi berharap dapat menciptakan lingkungan yang lebih bersih dari penyalahgunaan narkotika, sekaligus meningkatkan kesadaran masyarakat tentang bahaya narkoba.",tak jelas,https://bacahukum.com/2024/12/24/bnnp-jambi-ungkap-25-kasus-narkotika-sepanjang-2024-48-tersangka-diamankan/,2026-08-01
"Melalui aturan baru tersebut, masyarakat Kota Jambi dibebaskan dari sanksi administrasi (denda) keterlambatan PBB tahun-tahun sebelumnya, sekaligus mendapatkan diskon pokok sebesar 5 persen untuk tahun pajak 2026.",tak jelas,https://bacahukum.com/2026/05/02/hut-pemkot-jambi-ke-80-wali-kota-maulana-gratiskan-denda-pbb-hingga-agustus/,2026-08-01
"“Kami ingin di momen bahagia HUT Kota Jambi ini, masyarakat juga merasakan kehadiran pemerintah secara nyata.",tak jelas,https://bacahukum.com/2026/05/02/hut-pemkot-jambi-ke-80-wali-kota-maulana-gratiskan-denda-pbb-hingga-agustus/,2026-08-01
Insan Jasa Raharaja terus berusaha menjadi human capital yang unggul dalam memberikan pelayanan terbaik kepada korban atau ahli waris korban kecelakaan penumpang angkutan umum dan lalu lintas jalan.,tak jelas,https://aksara24.id/2023/01/23/jasa-raharja-jambi-serahkan-santunan-meninggal-dunia-korban-tabrak-lari/,2026-08-02
"Terkait Karhutla dan pertambangan, Edi menyampaikan bahwa pihak korporasi (perusahaan perkebunan, tambang dan sejenisnya, red) jangan hanya mengambil keuntungan dari sumber daya alam atau hak pengelolaan kawasan yang telah diberikan oleh pemerintah saja, tapi kehadiran korporasi juga harus berdampak positif pada masyarakat di sekitar perusahaan.",tak jelas,https://aksara24.id/2022/12/17/terima-dubes-singapura-edi-purwanto-diskusikan-masalah-karhutla-merit-sistem-dan-potensi-wisata-jambi/,2026-08-02
"Karena menurut Edi, kalau masyarakat sudah merasakan dampak positif dari kehadiran korporasi di lingkungan mereka, maka masyarakat juga akan turut menjaga korporasi dari berbagai hal negatif.",tak jelas,https://aksara24.id/2022/12/17/terima-dubes-singapura-edi-purwanto-diskusikan-masalah-karhutla-merit-sistem-dan-potensi-wisata-jambi/,2026-08-02
"“Kita terbuka untuk investasi yang ramah lingkungan, ramah kepada rakyat, dan ada nilai tambah untuk masyarakat Provinsi Jambi, kita tunggu,” pungkas Edi.",tak jelas,https://aksara24.id/2022/12/17/terima-dubes-singapura-edi-purwanto-diskusikan-masalah-karhutla-merit-sistem-dan-potensi-wisata-jambi/,2026-08-02
"“Melalui momentum ini, kami ingin memberikan semangat dan motivasi kepada jajaran Satlantas di Wilayah Polda Jawa Timur untuk memberikan pelayanan terbaik kepada masyarakat, khususnya korban kecelakaan lalu lintas,” ujarnya.",tak jelas,https://aksara24.id/2024/06/04/jasa-raharja-apresiasi-penurunan-kecelakaan-dan-dorong-keselamatan-lalu-lintas-melalui-penandatanganan-pakta-integritas/,2026-08-03
"“Kami berharap melalui penandatanganan pakta integritas ini, para perusahaan otobus dapat meningkatkan komitmen serta mutu pelayanan mereka kepada masyarakat dalam menyediakan transportasi umum yang berkeselamatan,” tambah Dewi.",tak jelas,https://aksara24.id/2024/06/04/jasa-raharja-apresiasi-penurunan-kecelakaan-dan-dorong-keselamatan-lalu-lintas-melalui-penandatanganan-pakta-integritas/,2026-08-03
"Jangan sampai menyesengsarakan masyarakat pengguna jalan,” tutup Al Haris.",tak jelas,https://aksara24.id/2023/09/04/soal-penghentian-operasional-angkutan-batubara-di-jambi-al-haris-percayakan-keputusannya-ke-polda-jambi/,2026-08-04
"Dalam kesempatan tersebut keluarga korban, Yani, mengungkapkan mengenai permasalahan pada saat di rumah sakit, yang diduga tidak memiliki alat untuk menangani pasien R tersebut.",tak jelas,https://aksara24.id/2023/01/31/diduga-malpraktek-ampk-j-dan-keluarga-korban-minta-dprd-kota-jambi-usut-kasus-rs-arafah/,2026-08-04
"“Kalau memang di sana (Rumah Sakit Arafah) tidak punya alat, seharusnya tidak usaha diterima pasien,” ujarnya.",tak jelas,https://aksara24.id/2023/01/31/diduga-malpraktek-ampk-j-dan-keluarga-korban-minta-dprd-kota-jambi-usut-kasus-rs-arafah/,2026-08-04
"Dalam pengecekannya, Kapolri memastikan proses produksi hingga pendistribusian ke pasar untuk memenuhi kebutuhan masyarakat.",tak jelas,https://aksara24.id/2022/03/16/jamin-ketersediaan-stok-di-pasar-kapolri-harap-tak-ada-antrean-warga-terkait-minyak-goreng/,2026-08-04
"Dengan adanya kebijakan tersebut, Sigit berharap, kedepannya tidak kembali terjadi fenomena-fenomena antrean panjang dari masyarakat yang hendak mendapatkan minyak goreng dipasaran.",tak jelas,https://aksara24.id/2022/03/16/jamin-ketersediaan-stok-di-pasar-kapolri-harap-tak-ada-antrean-warga-terkait-minyak-goreng/,2026-08-04
"Oleh sebab itu, Sigit mengimbau kepada seluruh produsen, distributor, para pedagang di pasar modern dan tradisional untuk memberikan pelayanan terbaik serta mendistribusikan minyak goreng kepada masyarakat dalam memenuhi kebutuhan hidupnya sehari-hari.",tak jelas,https://aksara24.id/2022/03/16/jamin-ketersediaan-stok-di-pasar-kapolri-harap-tak-ada-antrean-warga-terkait-minyak-goreng/,2026-08-04
“Paling penting adalah barang berada di pasar khususnya untuk kebutuhan masyarakat yang banyak menggunakan minyak curah.,tak jelas,https://aksara24.id/2022/03/16/jamin-ketersediaan-stok-di-pasar-kapolri-harap-tak-ada-antrean-warga-terkait-minyak-goreng/,2026-08-04
"Korban diketahui bernama Frady Sabil, warga Desa Penyengat Olak, Kecamatan Jambi Luar Kota, Kabupaten Muaro Jambi, yang mengalami pemukulan oleh orang tidak dikenal dan saat ini masih menjalani perawatan di rumah sakit.",tak jelas,https://amuranews.id/klarifikasi-korem-042-gapu-hasil-pemeriksaan-sementara-tak-temukan-keterlibatan-anggota-tni-dalam-kasus-penganiayaan-di-telanaipura/,2026-08-04
Imbauan ini disampaikan sebagai bagian dari upaya meningkatkan kesadaran masyarakat terhadap pentingnya keselamatan di sekitar infrastruktur migas yang merupakan objek vital nasional.,tak jelas,https://aksatanews.com/pertamina-ep-jambi-imbau-masyarakat-tidak-beraktivitas-di-atas-jalur-pipa-migas-demi-keselamatan-bersama,2026-08-05
"Peristiwa ini menjadi pengingat bahwa aktivitas yang mengganggu keamanan jaringan pipa tidak hanya melanggar ketentuan hukum, tetapi juga berpotensi menimbulkan risiko terhadap keselamatan masyarakat, lingkungan, serta keberlangsungan operasi penyaluran energi.",tak jelas,https://aksatanews.com/pertamina-ep-jambi-imbau-masyarakat-tidak-beraktivitas-di-atas-jalur-pipa-migas-demi-keselamatan-bersama,2026-08-05
"Apabila terjadi kebocoran yang memicu kebakaran, dampaknya bisa sangat luas, sulit dikendalikan, bahkan mengancam keselamatan masyarakat dan merusak lingkungan,"" ujar Fasha.",tak jelas,https://aksatanews.com/pertamina-ep-jambi-imbau-masyarakat-tidak-beraktivitas-di-atas-jalur-pipa-migas-demi-keselamatan-bersama,2026-08-05
"Kapolsek menambahkan, kepolisian mendukung koordinasi antara Pertamina dan Pemerintah Kota Jambi dalam penataan kawasan di sepanjang koridor jalur pipa sesuai ketentuan yang berlaku guna mendukung mitigasi risiko dan perlindungan masyarakat.",tak jelas,https://aksatanews.com/pertamina-ep-jambi-imbau-masyarakat-tidak-beraktivitas-di-atas-jalur-pipa-migas-demi-keselamatan-bersama,2026-08-05
"Keselamatan masyarakat, pekerja, dan perlindungan lingkungan tetap menjadi prioritas utama perusahaan,"" ujar Triyo.",tak jelas,https://aksatanews.com/pertamina-ep-jambi-imbau-masyarakat-tidak-beraktivitas-di-atas-jalur-pipa-migas-demi-keselamatan-bersama,2026-08-05
"Melalui kolaborasi seluruh pemangku kepentingan, diharapkan keamanan infrastruktur migas, keselamatan masyarakat, perlindungan lingkungan, serta keberlangsungan pasokan energi nasional dapat terus terjaga.(*)
	
							   
							 
							 
Editor: Anzari",tak jelas,https://aksatanews.com/pertamina-ep-jambi-imbau-masyarakat-tidak-beraktivitas-di-atas-jalur-pipa-migas-demi-keselamatan-bersama,2026-08-05
"Ia menambahkan bahwa meski menghadapi berbagai tantangan, Polri tetap konsisten menjaga semangat pelayanan kepada masyarakat.",tak jelas,https://aksatanews.com/gubernur-al-haris-dan-kapolda-jambi-perkuat-sinergi-jaga-kondusivitas-daerah,2026-08-05
"Ia menekankan agar setiap rupiah yang dibelanjakan harus memiliki dampak nyata bagi masyarakat luas, mulai dari perbaikan infrastruktur, peningkatan kualitas layanan kesehatan, hingga penguatan sektor pendidikan.",tak jelas,https://aksatanews.com/evaluasi-apbd-2026-gubernur-al-haris-desak-opd-percepat-proyek-strategis,2026-08-05
"Fokus kita bukan sekadar menghabiskan anggaran, melainkan memastikan masyarakat merasakan dampaknya secara langsung,"" tambahnya.",tak jelas,https://aksatanews.com/evaluasi-apbd-2026-gubernur-al-haris-desak-opd-percepat-proyek-strategis,2026-08-05
"Menurutnya, keterlibatan pemerintah kabupaten dan kota di masa mendatang akan semakin memperluas dampak positif bagi masyarakat di kedua provinsi.",tak jelas,https://aksatanews.com/perkuat-pembangunan-pemprov-jambi-dan-bengkulu-sepakati-kerja-sama-strategis,2026-08-05
"Setibanya di rumah sakit, Gibran langsung menyapa pasien dan berdialog dengan pihak keluarga di sejumlah ruang pelayanan.",tak jelas,https://aksatanews.com/gubernur-al-haris-dampingi-wapres-gibran-tinjau-rsud-raden-mattaher-jambi,2026-08-05
"Langkah ini dilakukan untuk memastikan standar pelayanan kesehatan bagi masyarakat terus mengalami peningkatan, baik dari sisi fasilitas maupun sumber daya manusia (SDM).",tak jelas,https://aksatanews.com/gubernur-al-haris-dampingi-wapres-gibran-tinjau-rsud-raden-mattaher-jambi,2026-08-05
Al Haris berharap kualitas laporan keuangan Pemprov Jambi terus meningkat setiap tahun agar tata kelola pemerintahan semakin baik dan pelayanan kepada masyarakat semakin maksimal.,provinsi,https://aksatanews.com/raih-wtp-ke14-gubernur-al-haris-minta-opd-terus-perbaiki-pengelolaan-keuangan,2026-08-05
"Penyebaran hoaks, disinformasi, fitnah, dan narasi kebencian dinilai telah mengaburkan fakta, memecah persatuan, serta menggerus kepercayaan publik terhadap institusi negara dan sesama warga bangsa.",tak jelas,https://bacahukum.com/2026/08/05/dpc-permahi-jambi-ajak-masyarakat-menjernihkan-ruang-publik-dari-polusi-disinformasi/,2026-08-05
"UU ini sekaligus mengatur tiga fungsi utama pesantren, yakni fungsi pendidikan, fungsi dakwah, dan fungsi pemberdayaan masyarakat.",tak jelas,https://bacahukum.com/2026/08/05/lalai-selama-7-tahun-batang-hari-masih-menanti-regulasi-fasilitasi-pesantren/,2026-08-05
Pesantren telah lama menjadi bagian tak terpisahkan dari denyut pendidikan dan keagamaan masyarakat Batanghari.,tak jelas,https://bacahukum.com/2026/08/05/lalai-selama-7-tahun-batang-hari-masih-menanti-regulasi-fasilitasi-pesantren/,2026-08-05
"- Penyaluran Aspirasi Riil: Menampung seluruh keluhan, masukan, dan kebutuhan nyata dari para pengelola pesantren, kiai, ustaz, hingga masyarakat di tingkat tapak.",tak jelas,https://bacahukum.com/2026/08/05/rumah-pemuda-batang-hari-ajukan-audiensi-ke-pemkab-dorong-kejelasan-regulasi-fasilitasi-dan-keberlangsungan-pesantren/,2026-08-05
Salah satu keluhan terbaru datang dari seorang pengunjung yang enggan disebutkan namanya.,tak jelas,https://bacahukum.com/2025/05/18/pasca-disorot-gubernur-jambi-rsud-raden-mataher-kembali-jadi-keluhan-masyarakat/,2026-08-05
Ia meminta Pemprov Jambi segera menindaklanjuti masalah ini karena menyangkut kenyamanan pasien.,provinsi,https://bacahukum.com/2025/05/18/pasca-disorot-gubernur-jambi-rsud-raden-mataher-kembali-jadi-keluhan-masyarakat/,2026-08-05
"Ia juga menyoroti jarangnya kalibrasi alat medis, seperti CT-Scan, yang membuat pasien terpaksa dirujuk ke rumah sakit lain.",tak jelas,https://bacahukum.com/2025/05/18/pasca-disorot-gubernur-jambi-rsud-raden-mataher-kembali-jadi-keluhan-masyarakat/,2026-08-05
"“Alat kesehatan di sini sebenarnya sudah baik, tapi masyarakat masih tidak percaya.",tak jelas,https://bacahukum.com/2025/05/18/pasca-disorot-gubernur-jambi-rsud-raden-mataher-kembali-jadi-keluhan-masyarakat/,2026-08-05
"Melalui Rakernis ini, Polda Jambi berharap seluruh fungsi keuangan semakin adaptif menghadapi tantangan, memperkuat sistem pengawasan internal, serta menghadirkan tata kelola anggaran yang mendukung terwujudnya Polri Presisi dan pelayanan terbaik bagi masyarakat.",tak jelas,https://amuranews.id/kombes-pol-taufik-nurmandia-ikuti-rakernis-keuangan-polda-jambi-dukung-transformasi-pengelolaan-anggaran/,2026-08-07
"Melalui Rakernis ini, Polda Jambi berharap seluruh fungsi keuangan semakin profesional dalam mengelola anggaran, memperkuat sistem pengawasan, serta mendukung terwujudnya pelayanan Polri Presisi yang semakin optimal bagi masyarakat.",tak jelas,https://amuranews.id/dirresnarkoba-polda-jambi-kombes-pol-dewa-made-palguna-hadiri-rakernis-keuangan-2026-perkuat-komitmen-tata-kelola-transparan-dan-berintegritas/,2026-08-07
"Kami siap mendukung berbagai program dan kebutuhan layanan keuangan Polda Jambi demi memberikan pelayanan terbaik kepada masyarakat,” ujar Lutfi.",tak jelas,https://amuranews.id/kapolda-jambi-pimpin-rakernis-keuangan-2026-perkuat-tata-kelola-transparan-dan-gandeng-bri-tingkatkan-kesejahteraan-personel/,2026-08-07
"Melalui Rakernis Bidang Keuangan Tahun Anggaran 2026, Polda Jambi berharap seluruh fungsi keuangan semakin adaptif menghadapi tantangan, memperkuat sistem pengawasan internal, serta mampu menghadirkan pengelolaan anggaran yang mendukung terwujudnya Polri Presisi dan pelayanan terbaik bagi masyarakat.",tak jelas,https://amuranews.id/kapolda-jambi-pimpin-rakernis-keuangan-2026-perkuat-tata-kelola-transparan-dan-gandeng-bri-tingkatkan-kesejahteraan-personel/,2026-08-07
"Tim gabungan yang terdiri dari perwakilan Balai Perhutanan Sosial Kampar, Dinas Kehutanan Provinsi Jambi, Satuan Pengamanan dan Penegakan Hukum Kehutanan (Gakkumhut), serta masyarakat Desa Simpang Rantau Gedang, menemukan pemandangan memilukan: sebuah ekskavator merek Komatsu tengah aktif membabat pohon meranti dari dalam kawasan konservasi.",tak jelas,https://bacahukum.com/2026/08/06/babat-habis-10-hektare-hutan-konservasi-demi-kayu-meranti-alat-berat-rekanan-wks-diduga-jadi-eksekutor-kphp-batang-hari-mungkin-masuk-rkt-wks/,2026-08-07
Organisasi masyarakat anti korupsi ini menagih komitmen Kejaksaan Negeri (Kejari) Batang Hari untuk segera bertindak berdasarkan laporan yang telah dilimpahkan oleh Kejati Jambi.,tak jelas,https://bacahukum.com/2026/01/29/gertak-jambi-desak-kejati-periksa-kadis-putr-sebagai-ppk-dua-proyek-jalan-pt-dsp-di-batang-hari/,2026-08-07
"Kami mendesak tindakan tegas untuk mengusut dugaan mark-up, pekerjaan fiktif, dan pelanggaran spesifikasi teknis yang telah merugikan keuangan negara dan masyarakat sebagai pengguna jalan,” tegas GERTAK Jambi dalam pernyataannya.",tak jelas,https://bacahukum.com/2026/01/29/gertak-jambi-desak-kejati-periksa-kadis-putr-sebagai-ppk-dua-proyek-jalan-pt-dsp-di-batang-hari/,2026-08-07
Masyarakat dan publik kini menunggu langkah konkret dan progresif dari aparat penegak hukum untuk menindaklanjuti laporan tersebut.,tak jelas,https://bacahukum.com/2026/01/29/gertak-jambi-desak-kejati-periksa-kadis-putr-sebagai-ppk-dua-proyek-jalan-pt-dsp-di-batang-hari/,2026-08-07
"BacaHukum.com – Layanan transportasi online selama ini dikenal luas sebagai solusi mobilitas yang praktis, cepat, serta mudah diakses oleh masyarakat.",tak jelas,https://bacahukum.com/2026/04/09/transportasi-online-disorot-kekerasan-seksual-terus-berulang-sistem-keamanan-dipertanyakan/,2026-08-07
"“Perlu adanya penguatan kebijakan dalam mendorong standar nasional perlindungan bagi pengguna, khususnya perempuan dan kelompok rentan, baik pada layanan roda dua maupun roda empat,” ujar Komisioner Komnas Perempuan, Sundari Waris, dalam konferensi pers di Polda Metro Jaya, Senin (6/4).",tak jelas,https://bacahukum.com/2026/04/09/transportasi-online-disorot-kekerasan-seksual-terus-berulang-sistem-keamanan-dipertanyakan/,2026-08-07
"Primayandi dari Politeknik Negeri Bandung, disebutkan bahwa persepsi rasa aman menjadi faktor utama yang memengaruhi keputusan masyarakat dalam menggunakan transportasi publik.",tak jelas,https://bacahukum.com/2026/04/09/transportasi-online-disorot-kekerasan-seksual-terus-berulang-sistem-keamanan-dipertanyakan/,2026-08-07
"Selain itu, peredaran rokok ilegal merugikan penerimaan negara, mengganggu kesejahteraan petani tembakau dan industri legal, serta tidak memenuhi standar kandungan tar dan nikotin yang dapat membahayakan kesehatan masyarakat.",tak jelas,https://bacahukum.com/2025/05/02/terungkap-gudang-di-rimbo-bujang-jadi-gudang-rokok-ilegal-sales-pemilik-mengaku/,2026-08-07
"” Dengan pengawasan dan penegakan hukum yang ketat, diharapkan peredaran rokok ilegal dapat ditekan untuk melindungi perekonomian dan kesehatan masyarakat,” ujar salah satu aktivis.",tak jelas,https://bacahukum.com/2025/05/02/terungkap-gudang-di-rimbo-bujang-jadi-gudang-rokok-ilegal-sales-pemilik-mengaku/,2026-08-07
"BeritaHukum KY Susun Instrumen Analisis Putusan untuk Evaluasi Penerapan UU TPKS Admin7 Agustus 20267 Agustus 202605 mins
BeritaHAM Komnas HAM Dorong Dasar Hukum Baru untuk Pemulihan Korban Pelanggaran HAM Berat Admin7 Agustus 202606 mins
BatanghariBerita Babat Habis 10 Hektare Hutan Konservasi Demi Kayu Meranti, Alat Berat Rekanan WKS Diduga Jadi Eksekutor, KPHP Batang Hari “Mungkin Masuk RKT WKS Admin6 Agustus 20266 Agustus 202606 mins
BeritaHukum Yusril Tegaskan Hukuman Mati bagi Koruptor Sudah Diatur, Penegakan Hukum Tetap Utamakan Keadilan Admin6 Agustus 202606 mins
BeritaEdukasi Hukum DPC PERMAHI Jambi Ajak Masyarakat Menjernihkan Ruang Publik dari Polusi Disinformasi Admin5 Agustus 20265 Agustus 202604 mins
BatanghariBerita Lalai Selama 7 Tahun, Batang Hari Masih Menanti Regulasi Fasilitasi Pesantren Admin5 Agustus 20265 Agustus 202607 mins
BatanghariBerita Rumah Pemuda Batang Hari Ajukan Audiensi ke Pemkab, Dorong Kejelasan Regulasi Fasilitasi dan Keberlangsungan Pesantren Admin5 Agustus 20265 Agustus 202605 mins
BeritaHukum BNN Waspadai Modus Baru Narkotika Cair dalam Vape, Pengawasan Diminta Diperketat Admin5 Agustus 20265 Agustus 202604 mins",kota,https://bacahukum.com/2026/08/,2026-08-07
"Salah satu inisiatif terbarunya adalah program edukasi di berbagai kalangan, termasuk pelajar dari SMA/SMK Yadika Jambi, SMA/SMP Sariputra Jambi, SMA N 1 Kota Jambi, SMA N 4 Kota Jambi, SMA/SMK Unggul Sakti, karyawan swasta, komunitas Honda, pegawai pemerintahan, dan masyarakat umum di Kota Jambi.",tak jelas,https://aksara24.id/2024/07/25/kurangi-fatalitas-kecelakaan-sinsen-edukasi-pelajar-sekolah/,2026-08-08
Banjir adalah persoalan yang menyangkut langsung kehidupan masyarakat.,tak jelas,https://www.angsoduo.net/2026/08/edi-purwanto-kolam-retensi-telaga-kajang-lako-jadi-langkah-nyata-wujudkan-kota-jambi-bebas-banjir,2026-08-08
"Setelah muncul kritik terkait singkatnya waktu seleksi dan minimnya informasi yang disampaikan kepada masyarakat, kini sorotan juga datang dari Pengamat Kebijakan Publik dan Pembangunan Infrastruktur, Martayadi Tajuddin.",tak jelas,https://www.angsoduo.net/2026/08/soal-seleksi-pendamping-bedah-rumah-pengamat-harus-akuntabel-dan-terbuka,2026-08-08
"Menurut Martayadi, kritik yang disampaikan masyarakat terhadap proses rekrutmen tenaga pendamping merupakan hal yang wajar dalam sistem pemerintahan yang menjunjung tinggi prinsip transparansi dan akuntabilitas.",tak jelas,https://www.angsoduo.net/2026/08/soal-seleksi-pendamping-bedah-rumah-pengamat-harus-akuntabel-dan-terbuka,2026-08-08
"Menurutnya, pemerintah perlu memastikan bahwa mekanisme pengadaan atau perekrutan telah dilaksanakan sesuai dengan ketentuan peraturan perundang-undangan yang berlaku, sehingga tidak menimbulkan persepsi negatif di tengah masyarakat.",tak jelas,https://www.angsoduo.net/2026/08/soal-seleksi-pendamping-bedah-rumah-pengamat-harus-akuntabel-dan-terbuka,2026-08-08
"Ia menilai informasi mengenai dasar hukum seleksi, persyaratan peserta, mekanisme pelaksanaan, jumlah pelamar, metode penilaian, hingga dasar penetapan peserta yang dinyatakan lulus seharusnya dapat diakses secara terbuka oleh masyarakat sebagai bentuk akuntabilitas pemerintah.",tak jelas,https://www.angsoduo.net/2026/08/soal-seleksi-pendamping-bedah-rumah-pengamat-harus-akuntabel-dan-terbuka,2026-08-08
"Menurutnya, pemerintah daerah memiliki kewajiban membangun komunikasi yang baik dengan masyarakat, termasuk memberikan penjelasan terhadap setiap kebijakan yang menjadi perhatian publik.",tak jelas,https://www.angsoduo.net/2026/08/soal-seleksi-pendamping-bedah-rumah-pengamat-harus-akuntabel-dan-terbuka,2026-08-08
"Menurutnya, langkah paling tepat yang dapat dilakukan Dinas Perkimtan Provinsi Jambi adalah memberikan penjelasan secara terbuka kepada masyarakat mengenai seluruh tahapan seleksi yang telah dilaksanakan.",tak jelas,https://www.angsoduo.net/2026/08/soal-seleksi-pendamping-bedah-rumah-pengamat-harus-akuntabel-dan-terbuka,2026-08-08
"Pada akhirnya, tujuan kita sama, yaitu memastikan setiap rupiah anggaran daerah dikelola secara profesional, tepat sasaran, dan memberikan manfaat sebesar-besarnya bagi masyarakat,” tutup Martayadi.",tak jelas,https://www.angsoduo.net/2026/08/soal-seleksi-pendamping-bedah-rumah-pengamat-harus-akuntabel-dan-terbuka,2026-08-08
"Polemik mengenai seleksi Pendamping Program Bedah Rumah ini diharapkan menjadi momentum bagi seluruh perangkat daerah untuk terus memperkuat prinsip transparansi, akuntabilitas, dan profesionalisme dalam setiap penyelenggaraan program pemerintah, sehingga kepercayaan masyarakat terhadap pelayanan publik dapat terus terjaga.",tak jelas,https://www.angsoduo.net/2026/08/soal-seleksi-pendamping-bedah-rumah-pengamat-harus-akuntabel-dan-terbuka,2026-08-08
"Kabid Humas Polda Jambi dalam kesempatan itu meminta masyarakat untuk tetap memperhatikan protokol kesehatan untuk mencegah penyebaran Covid-19, saling menjaga toleransi beragama dan tidak berlebihan saat merayakan Imlek, guna menciptakan situasi kamtibmas yang kondusif di Provinsi Jambi.",tak jelas,https://aksara24.id/2022/02/01/polda-jambi-turunkan-105-personel-untuk-amankan-imlek/,2026-08-09
"Dewan Pers bersama seluruh konstituen, organisasi wartawan dan organisasi perusahaan pers yang menjadi anggotanya, bekerja keras melakukan pembinaan terhadap wartawan dan perusahaan pers agar karya pers yang dihasilkan berkualitas baik dan bermanfaat bagi masyarakat luas, terutama bagi dunia pendidikan.",tak jelas,https://aksara24.id/2024/05/17/dewan-pers-dan-jmsi-ajak-kepsek-dan-guru-tidak-takut-hadapi-wartawan-abal-abal/,2026-08-09
"Ruang kolaborasi tetap dibuka dengan pemerintah daerah, TNI, Polri, dunia usaha dan berbagai elemen masyarakat.",tak jelas,https://amuranews.id/rakerda-pmn-jambi-bangun-organisasi-media-berjiwa-pengusaha-bukan-sekadar-berkumpul/,2026-08-09
"Batam - Aktivitas cut and fill di Jalan Pesona Rahayu, Paham Lestari, Sekupang, berlangsung terang-benderang tepat di pinggir jalan umum dan dekat pemukiman warga.",tak jelas,https://awasi.id/daerah/siapakah-sosok-edi-cut-and-fill-terang-terangan-di-jalan-umum-pengawas-minta-nomor-media-edi-yang-akan-jelaskan-legalitas,2026-08-09
"Debu beterbangan, jalan rusak dan licin sangat membahayakan warga.",tak jelas,https://awasi.id/daerah/siapakah-sosok-edi-cut-and-fill-terang-terangan-di-jalan-umum-pengawas-minta-nomor-media-edi-yang-akan-jelaskan-legalitas,2026-08-09
"Apalagi, peredaran narkoba di lingkungan hiburan malam selama ini kerap menjadi perhatian masyarakat.",tak jelas,https://awasi.id/daerah/hh-club-p3-digerebek-53-orang-diamankan,2026-08-10
"Menurutnya, pemerintah dan masyarakat harus berkolaborasi untuk bersama-sama membangun daerah.",tak jelas,https://awasi.id/daerah/ribuan-pelari-padati-telanaipura-gubernur-al-haris-polda-jambi-bupati-wali-kota-lepas-flag-off-presisi-merdeka-run-2026,2026-08-10
"Menurutnya, olahraga tidak hanya menjadi sarana menjaga kebugaran dan kesehatan, tetapi juga memiliki peran penting dalam mempererat silaturahmi, membangun kebersamaan, serta memperkuat persatuan di tengah masyarakat.",tak jelas,https://awasi.id/daerah/gubernur-al-haris-dorong-turnamen-padel-berkelanjutan-jadi-ruang-prestasi-dan-kebersamaan-masyarakat,2026-08-10
"si.id 9 Agustus 2026
Aktivitas cut and fill di Jalan Pesona Rahayu, Paham Lestari, Sekupang, berlangsung terang-benderang tepat di pinggir jalan umum dan dekat pemukiman warga.",tak jelas,https://awasi.id/daerah/judul-artikel-baru-16,2026-08-10
Kunjungan tersebut dilakukan untuk meninjau pelaksanaan kegiatan Padat Karya Tunai yang tengah berjalan di lingkungan masyarakat.,tak jelas,https://bacahukum.com/2026/08/10/didampingi-maulana-wamenaker-afriansyah-noor-tinjau-program-padat-karya-di-jambi/,2026-08-10
"“Program ini diharapkan mampu memberikan manfaat ganda, yakni membuka kesempatan kerja, meningkatkan daya beli masyarakat, sekaligus memperbaiki sarana dan prasarana lingkungan,” ujar Wamenaker.",tak jelas,https://bacahukum.com/2026/08/10/didampingi-maulana-wamenaker-afriansyah-noor-tinjau-program-padat-karya-di-jambi/,2026-08-10
"Melalui skema tersebut, masyarakat tidak hanya memperoleh penghasilan dari pekerjaan yang dilakukan, tetapi juga ikut terlibat dalam pembangunan di lingkungan tempat tinggal mereka.",tak jelas,https://bacahukum.com/2026/08/10/didampingi-maulana-wamenaker-afriansyah-noor-tinjau-program-padat-karya-di-jambi/,2026-08-10
"Menurutnya, program Padat Karya menjadi salah satu bentuk nyata sinergi antara pemerintah pusat dan pemerintah daerah dalam memperluas kesempatan kerja sekaligus meningkatkan kesejahteraan masyarakat.",tak jelas,https://bacahukum.com/2026/08/10/didampingi-maulana-wamenaker-afriansyah-noor-tinjau-program-padat-karya-di-jambi/,2026-08-10
Kemnaker juga mengingatkan masyarakat untuk berhati-hati terhadap berbagai modus penipuan yang mengatasnamakan program pemerintah.,tak jelas,https://bacahukum.com/2026/08/10/didampingi-maulana-wamenaker-afriansyah-noor-tinjau-program-padat-karya-di-jambi/,2026-08-10
"Kita juga perintahkan seluruh jajaran untuk kontrol harga migor di pasar sehingga masyarakat tidak perlu khawatir,” imbuhnya.",tak jelas,https://aksara24.id/2022/06/02/polda-jateng-ungkap-kasus-peredaran-minyak-goreng-kemasan-tanpa-ijin-edar-di-banyumas-14-ton-barang-bukti-disita/,2026-08-11
"Kegiatan Sunmori Merdeka diharapkan dapat menjadi momentum bagi masyarakat untuk memaknai kemerdekaan melalui kebersamaan, gotong royong, dan disiplin di jalan raya.",tak jelas,https://aksara24.id/2025/08/24/kadis-pupr-jambi-muzakir-ikut-sunmori-merdeka-bersama-gubernur-dan-forkopimda/,2026-08-12
"Berikut ulasan pengguna mengenai layanan Live Result KAWASAN303
Saya adalah pelanggan setia kawasan303 yang setiap hari main toto hk karena tutup buka pasaran sesuai waktu resmi asli.",tak jelas,https://aksesjambi.com/brand-a-z/cozy-n-safe.html,2026-08-12
"Aksara24.id – Penumpang sepeda motor bernomor polisi BH 5598 NK meninggal dunia setelah terlibat kecelakan dengan truk tangki BH 8152 MW di Jalan Lingkar Timur, Kelurahan Talang Bakung, Kota Jambi sekitar pukul 19.15 WIB, Jumat (7/1/2022).",kota,https://aksara24.id/2023/01/10/jasa-raharja-jambi-serahkan-santunan-tanggung-jawab-pihak-ketiga/,2026-08-13
"PT Jasa Raharja Jambi mengibau kepada seluruh masyarakat agar berhati-hati dalam berkendaraan di jalan, saling menghormati , menghargai dan menjaga keselamatan pengguna jalan lainya.",tak jelas,https://aksara24.id/2023/01/10/jasa-raharja-jambi-serahkan-santunan-tanggung-jawab-pihak-ketiga/,2026-08-13
"Bersikap sebagai pengguna jalan yang patuh terhadap aturan lalu lintas yang berlaku dan memperhatikan lokasi lokasi rawan kecelakaan saat berkendaran, jadilah pengemudi yang berhati-hati.",tak jelas,https://aksara24.id/2023/01/10/jasa-raharja-jambi-serahkan-santunan-tanggung-jawab-pihak-ketiga/,2026-08-13
"“Kebijakan ini tidak akan ditemui di daerah lain,karena memang anggarannya tidak sedikit .Tapi karena kita berfikir bagaimana membantu masyarakat disaat memerlukan maka sepanjang masih bisa dianggarkan oleh Pemerintah Daerah, Insya Allah tiap tahun akan selalu kita upayakan bisa terealisasi karena manfaatnya betul betul dinikmati dan dirasakan oleh masyarakat bawah,”terangnya.",tak jelas,https://aksara24.id/2024/03/19/walikota-blitar-berikan-bantuan-program-rastrada-secara-simbolis-di-kelurahan-kepanjenlor/,2026-08-13
"“Kebutuhan pokok naik saat ini banyak penyebab seperti bulan kemarin kita dihadapkan dengan musim kemarau yang panjang, sehingga banyak petani yang gagal panen dan hari ini kita dihadapkan dengan musim banjir ,karena itu pemerintah mengambil langkah beberapa Minggu lalu melakukan operasi pasar , salah satunya Pasar Legi dengan melakukan drop beras sebesar 8ton dijual kepada masyarakat dengan harga 52 ribu rupiah per 5 kg beras,” ucap Santoso.",tak jelas,https://aksara24.id/2024/03/19/walikota-blitar-berikan-bantuan-program-rastrada-secara-simbolis-di-kelurahan-kepanjenlor/,2026-08-13
"Lalu, pada 8 Oktober 2023 pihaknya berhasil mengamankan 7 orang berandalan bermotor yakni Ferdinan Sianturi (23) warga Jalan Lorong Nuri Garuda 3, Kecamatan Alam Barajo, Kota Jambi.",tak jelas,https://aksara24.id/2023/10/09/dalam-sepekan-polisi-amankan-16-pemuda-kelompok-berandalan-bermotor-di-kota-jambi/,2026-08-13
"Fahzan Manis Septrian (20) warga Jalan Kembar Lestari, Lorong Selektif RT 05, Kecamatan Jambi Timur, Kota Jambi.",tak jelas,https://aksara24.id/2023/10/09/dalam-sepekan-polisi-amankan-16-pemuda-kelompok-berandalan-bermotor-di-kota-jambi/,2026-08-13
"Ia pun mengajak seluruh elemen masyarakat untuk tidak berhenti pada kegiatan penanaman, tetapi bersama-sama merawat dan menjaga tanaman yang telah ditanam agar benar-benar memberikan manfaat bagi lingkungan.",tak jelas,https://amuranews.id/9815-2/,2026-08-13
"Gerakan tersebut turut melibatkan unsur Forkopimda Provinsi dan Kota Jambi, jajaran Korem 042/Gapu, Persit KCK, instansi pemerintah, aparat keamanan, dunia pendidikan, perbankan, organisasi kemasyarakatan hingga berbagai elemen masyarakat.",tak jelas,https://amuranews.id/9815-2/,2026-08-13
"Pengungkapan ini bermula dari informasi masyarakat terkait dugaan transaksi narkotika di kawasan Oyo Benteng Kost, Jalan Sultan Agung, Kelurahan Beringin, Kecamatan Pasar, Kota Jambi.",kota,https://amuranews.id/9811-2/,2026-08-13
"Dalam momentum peringatan HUT ke-1 Kodam XX/Tuanku Imam Bonjol (TIB), jajaran TNI-Polri bersama pemerintah daerah dan berbagai elemen masyarakat bergerak bersama menanam rumpun bambu dan pohon produktif.",tak jelas,https://amuranews.id/hijaukan-jambi-kuatkan-negeri-tni-polri-kompak-tanam-bambu-dan-pohon-produktif-di-hut-ke-1-kodam-tib/,2026-08-13
"Yani Sudarto, S.I.K., M.Si., bersama unsur Forkopimda, personel TNI-Polri, pemerintah daerah, organisasi masyarakat, komunitas lingkungan, mahasiswa, Pramuka serta berbagai elemen masyarakat.",tak jelas,https://amuranews.id/hijaukan-jambi-kuatkan-negeri-tni-polri-kompak-tanam-bambu-dan-pohon-produktif-di-hut-ke-1-kodam-tib/,2026-08-13
"Sementara pohon produktif diharapkan tidak hanya memberikan manfaat bagi keseimbangan lingkungan, tetapi juga mempunyai nilai ekonomi yang dapat dimanfaatkan masyarakat.",tak jelas,https://amuranews.id/hijaukan-jambi-kuatkan-negeri-tni-polri-kompak-tanam-bambu-dan-pohon-produktif-di-hut-ke-1-kodam-tib/,2026-08-13
"Menurutnya, sinergi TNI-Polri bersama seluruh elemen masyarakat dalam menjaga lingkungan merupakan bagian penting dalam membangun wilayah yang aman, nyaman dan tangguh menghadapi berbagai potensi bencana.",tak jelas,https://amuranews.id/hijaukan-jambi-kuatkan-negeri-tni-polri-kompak-tanam-bambu-dan-pohon-produktif-di-hut-ke-1-kodam-tib/,2026-08-13
Ia juga menyoroti bahwa Safari Ramadan ini membawa berkah bagi masyarakat Tanjab Timur dengan adanya bantuan yang diberikan oleh Pemprov Jambi.,provinsi,https://aksara24.id/2025/03/09/wabup-muslimin-tanja-dampingi-wagub-tarawih-keliling-di-tanjab-timur/,2026-08-14
“Kegiatan ini menjadi ajang kebersamaan untuk semakin mendekatkan unsur pemerintah dengan masyarakat.,tak jelas,https://aksara24.id/2025/03/09/wabup-muslimin-tanja-dampingi-wagub-tarawih-keliling-di-tanjab-timur/,2026-08-14
"Kegiatan Safari Ramadan ini berlangsung dalam suasana penuh kebersamaan, memperkuat hubungan antara pemerintah daerah dan masyarakat.",tak jelas,https://aksara24.id/2025/03/09/wabup-muslimin-tanja-dampingi-wagub-tarawih-keliling-di-tanjab-timur/,2026-08-14
“Peningkatan indeks literasi dan inklusi keuangan ini menunjukkan kemajuan dalam pemahaman masyarakat tentang produk dan layanan keuangan.,tak jelas,https://aksara24.id/2025/05/02/43793/,2026-08-15
Ini menandakan bahwa masyarakat perkotaan memiliki akses dan pemahaman yang lebih baik terhadap layanan keuangan.,tak jelas,https://aksara24.id/2025/05/02/43793/,2026-08-15
"Dengan hasil ini, OJK dan BPS berharap dapat merancang kebijakan dan program yang lebih tepat sasaran untuk meningkatkan kesejahteraan masyarakat melalui pemahaman dan penggunaan layanan keuangan yang lebih baik.",tak jelas,https://aksara24.id/2025/05/02/43793/,2026-08-15
"Sebagai bagian dari rencana pengembangan literasi dan inklusi keuangan, OJK juga menargetkan penyuluhan yang lebih intensif kepada masyarakat di seluruh Indonesia, khususnya bagi mereka yang memiliki akses terbatas terhadap layanan keuangan.",tak jelas,https://aksara24.id/2025/05/02/43793/,2026-08-15
"Erlan Munaji menyampaikan bahwa kehadiran jajaran Polda Jambi, termasuk Wakapolda Jambi, merupakan bentuk dukungan terhadap upaya pemerintah daerah dalam membangkitkan semangat nasionalisme dan kecintaan masyarakat terhadap Negara Kesatuan Republik Indonesia.",tak jelas,https://amuranews.id/wakapolda-jambi-hadir-1-000-bendera-merah-putih-kibarkan-semangat-kemerdekaan-di-gentala-arasy/,2026-08-15
"Menurutnya, pemasangan Bendera Merah Putih di ruang-ruang publik bukan hanya menjadi bagian dari peringatan HUT Kemerdekaan RI, tetapi juga menjadi simbol persatuan dan identitas bangsa yang dapat dirasakan langsung oleh masyarakat.",tak jelas,https://amuranews.id/wakapolda-jambi-hadir-1-000-bendera-merah-putih-kibarkan-semangat-kemerdekaan-di-gentala-arasy/,2026-08-15
"Momentum tersebut sekaligus memperlihatkan kuatnya sinergi pemerintah daerah, TNI-Polri, organisasi kemasyarakatan dan masyarakat dalam menjaga semangat kebangsaan.",tak jelas,https://amuranews.id/wakapolda-jambi-hadir-1-000-bendera-merah-putih-kibarkan-semangat-kemerdekaan-di-gentala-arasy/,2026-08-15
"Hari ini dipasang 1.000, akan dilanjutkan besoknya 10.000, Bendera Merah Putih dibentangkan rapi di sepanjang ikon jembatan kebanggaan Kota Jambi tersebut serta ditempat lainnya, Pemandangan Sang Saka Merah Putih yang berkibar di atas Sungai Batanghari diharapkan menjadi simbol persatuan dan kebanggaan masyarakat.",tak jelas,https://www.angsoduo.net/2026/08/gubernur-al-haris-gelar-gebyar-mahardika-untukmu-negeriku-pasang-10-000-bendera-merah-putih-di-sepanjang-jembatan-gentala-arasy-dan-tempat-lainnya,2026-08-15
Kegiatan Gebyar Mahardika Untukmu Negeriku di Jembatan Gentala Arasy diharapkan mampu menginspirasi seluruh masyarakat Provinsi Jambi untuk terus menjaga persatuan dan memperkuat semangat kebangsaan dalam upaya mewujudkan Indonesia maju 2045.,tak jelas,https://www.angsoduo.net/2026/08/gubernur-al-haris-gelar-gebyar-mahardika-untukmu-negeriku-pasang-10-000-bendera-merah-putih-di-sepanjang-jembatan-gentala-arasy-dan-tempat-lainnya,2026-08-15
"Dijelaskan Danrem, untuk menyukseskan peringatan HUT RI, Pemprov Jambi juga telah mengeluarkan surat edaran kepada seluruh masyarakat agar memasang bendera Merah Putih di rumah dan lingkungan masing-masing.",provinsi,https://www.angsoduo.net/2026/08/gubernur-al-haris-gelar-gebyar-mahardika-untukmu-negeriku-pasang-10-000-bendera-merah-putih-di-sepanjang-jembatan-gentala-arasy-dan-tempat-lainnya,2026-08-15
"Ia juga mendorong pengembangan pariwisata regeneratif, yakni pariwisata yang tidak hanya menjaga kelestarian alam dan budaya, tetapi juga memberikan manfaat berkelanjutan bagi masyarakat dan lingkungan.",tak jelas,https://www.angsoduo.net/2026/08/festival-batanghari-2026-kembali-masuk-ken-angkat-sejarah-jalur-rempah-sungai-batanghari,2026-08-15
Kita berbicara mengenai transportasi publik yang digunakan masyarakat.,tak jelas,https://www.angsoduo.net/2026/08/edi-purwanto-saya-pertanyakan-keseriusan-kemenhub-menjamin-keselamatan-pelayaran-nasional,2026-08-16
"Artinya, negara memiliki kewajiban memastikan masyarakat mendapatkan rasa aman ketika menggunakan layanan tersebut.",tak jelas,https://www.angsoduo.net/2026/08/edi-purwanto-saya-pertanyakan-keseriusan-kemenhub-menjamin-keselamatan-pelayaran-nasional,2026-08-16
"Sistem KAWASAN303 terus diperbarui untuk menjaga kecepatan akses, stabilitas layanan, dan kompatibilitas di berbagai browser serta sistem operasi sehingga pengguna memperoleh pengalaman yang lebih optimal.",tak jelas,https://aksesjambi.com/intellectual-property-policy,2026-08-17
"Peringatan HUT ke-81 Kemerdekaan RI di lingkungan Polda Jambi tersebut menjadi momentum untuk memperkuat semangat kebangsaan sekaligus meneguhkan komitmen Polri dalam memberikan pelayanan terbaik kepada masyarakat serta turut menjaga kondusivitas daerah demi terwujudnya Jambi yang aman, adil dan makmur.",tak jelas,https://amuranews.id/hut-ke-81-ri-wakapolda-jambi-tekankan-semangat-pengabdian-dan-jalin-kebersamaan/,2026-08-17
"Jangan sampai kemajuan hanya terkonsentrasi di wilayah tertentu, sementara masyarakat di daerah lain masih menghadapi keterbatasan infrastruktur dan akses terhadap berbagai layanan dasar.",tak jelas,https://www.angsoduo.net/2026/08/edi-purwanto-kemerdekaan-harus-diisi-dengan-kerja-nyata-untuk-rakyat,2026-08-17
"Pemerintah, DPR, pemerintah daerah, dunia usaha, organisasi masyarakat, pemuda, dan seluruh elemen masyarakat harus berjalan bersama.",tak jelas,https://www.angsoduo.net/2026/08/edi-purwanto-kemerdekaan-harus-diisi-dengan-kerja-nyata-untuk-rakyat,2026-08-17
"Masyarakat memiliki peran penting dalam menjaga lingkungan, menjaga persatuan, mendukung pembangunan, serta menciptakan suasana yang aman dan kondusif.",tak jelas,https://www.angsoduo.net/2026/08/edi-purwanto-kemerdekaan-harus-diisi-dengan-kerja-nyata-untuk-rakyat,2026-08-17
"Beberapa warga kelurahan mendahara Ilir mengatakan di jembatan tembikar satu kelurahan mendahara Ilir banyak korban yang terjatuh di jembatan tersebut, sangat diharapkan ada solusinya agar tidak banyak lagi korban yang terjatuh di jembatan tembikar satu kelurahan mendahara Ilir.",kota,https://awasi.id/daerah/banyak-korban-yang-terjatuh-di-jembatan-tembikar-satu-di-kelurahan-mendahara-ilir,2026-08-17
"""Salah satu warga di kelurahan mendahara Ilir yang enggan di sebutkan namanya mengatakan, sangat diharapkan jembatan tembikar satu dikelurahan mendahara Ilir semoga ada solusinya.",kota,https://awasi.id/daerah/banyak-korban-yang-terjatuh-di-jembatan-tembikar-satu-di-kelurahan-mendahara-ilir,2026-08-17
"Sejumlah hal penting yang belum mendapat kejelasan:
- Lokasi yang disebutkan dalam rencana berupa lahan tambahan baru Â±4 hektar, namun yang tampak dikerjakan justru berada di kawasan TPA yang sudah ada
â
- Jangka waktu pelaksanaan telah berjalan lebih dari sebulan, namun kemajuan pekerjaan di lapangan tampak belum sesuai dengan waktu yang berlalu
â
- Dokumen rinci seperti Rencana Anggaran Biaya, gambar kerja, serta laporan kemajuan belum diserahkan maupun dipublikasikan kepada masyarakat luas
Tim 10 Cyber Rajawali meminta DLH Kota Batam segera membuka seluruh dokumen proyek sesuai Undang-Undang Nomor 14 Tahun 2008 tentang Keterbukaan Informasi Publik.",tak jelas,https://awasi.id/daerah/tiga-hari-meminta-penjelasan-proyek-44-miliar-di-tpa-kabil-dlh-kota-batam-bungkam,2026-08-17
Safety Riding Center Honda dapat digunakan masyarakat umum pengguna sepeda motor untuk belajar mengenai keselamatan berkendara baik berkendara di jalan raya maupun di kondisi jalan off-road.,tak jelas,https://aksara24.id/2023/06/15/ahm-uji-kompetensi-para-instruktur-safety-riding/,2026-08-18
Jasa Raharja akan selalu hadir menjalankan amanah dalam melindungi Masyarakat Indonesia untuk memperoleh hak santunan saat mengalami musibah kecelakaan lalu lintas jalan.,tak jelas,https://aksara24.id/2023/06/20/jasa-raharja-jambi-amanah-selesaikan-santunan-pengendara-spm-bertabrakan-truck-di-desa-muntialo/,2026-08-18
Semarak kemerdekaan terasa di sepanjang rute dengan antusiasme warga yang memadati jalan.,tak jelas,https://www.angsoduo.net/2026/08/wagub-sani-lepas-pawai-pembangunan-bentangkan-semangat-kemerdekaan-dari-taman-putri-pinang-masak-ke-rumah-dinas-gubernur-jambi,2026-08-18
Kehadiran jajaran OPD menunjukkan komitmen bersama dalam menyukseskan agenda nasional sekaligus memperkuat sinergi antara pemerintah dan masyarakat.,tak jelas,https://www.angsoduo.net/2026/08/wagub-sani-lepas-pawai-pembangunan-bentangkan-semangat-kemerdekaan-dari-taman-putri-pinang-masak-ke-rumah-dinas-gubernur-jambi,2026-08-18
"Pemerintah Provinsi Jambi mengajak seluruh masyarakat untuk terus menjaga persatuan dan berpartisipasi aktif dalam pembangunan daerah demi Jambi yang maju, nyaman, tertib, aman, dan profesional di bawah ridho Allah SWT.",tak jelas,https://www.angsoduo.net/2026/08/wagub-sani-lepas-pawai-pembangunan-bentangkan-semangat-kemerdekaan-dari-taman-putri-pinang-masak-ke-rumah-dinas-gubernur-jambi,2026-08-18
Persoalan tersebut sebelumnya telah dibahas dalam sejumlah pertemuan yang melibatkan masyarakat bersama instansi terkait guna mencari penyelesaian atas pengaduan warga terhadap aktivitas perusahaan.,tak jelas,https://awasi.id/hukum-kriminal/konflik-warga-sipin-teluk-duren-belum-usai-muncul-pipa-dalam-tanah-diduga-jalur-pembuangan-limbah-pt-satu,2026-08-18
"Berdasarkan Surat Pernyataan Masyarakat Desa Sipin Teluk Duren tertanggal 30 Juni 2026, pertemuan tersebut dihadiri Dinas Lingkungan Hidup Kabupaten Muaro Jambi, Dinas Penanaman Modal dan Pelayanan Terpadu Satu Pintu, Dinas PUPR, Dinas Perkebunan dan Peternakan, Camat Kumpeh Ulu, Pemerintah Desa Sipin Teluk Duren serta masyarakat.",tak jelas,https://awasi.id/hukum-kriminal/konflik-warga-sipin-teluk-duren-belum-usai-muncul-pipa-dalam-tanah-diduga-jalur-pembuangan-limbah-pt-satu,2026-08-18
"Dokumen itu juga diketahui dibubuhi tanda tangan sejumlah pihak yang hadir dalam pertemuan, termasuk perwakilan dinas terkait, Camat Kumpeh Ulu, Kepala Desa Sipin Teluk Duren dan masyarakat.",tak jelas,https://awasi.id/hukum-kriminal/konflik-warga-sipin-teluk-duren-belum-usai-muncul-pipa-dalam-tanah-diduga-jalur-pembuangan-limbah-pt-satu,2026-08-18
"Warga bahkan menyoroti keberadaan pipa berukuran besar yang diduga dipasang di dalam tanah dan mempertanyakan apakah instalasi tersebut berkaitan dengan sistem pembuangan limbah perusahaan PT satu
Kekhawatiran warga semakin meningkat karena mereka menduga keberadaan pipa tersebut berpotensi berkaitan dengan aliran limbah menuju lingkungan sekitar, termasuk kawasan Sungai Batanghari kumpeh
Namun Karena itu, masyarakat meminta pemerintah daerah dan dinas teknis turun langsung melakukan pengecekan terhadap instalasi, saluran pembuangan, kualitas air serta kepatuhan operasional PT SATU terhadap ketentuan lingkungan.",tak jelas,https://awasi.id/hukum-kriminal/konflik-warga-sipin-teluk-duren-belum-usai-muncul-pipa-dalam-tanah-diduga-jalur-pembuangan-limbah-pt-satu,2026-08-18
"Kami meminta semuanya berjalan sesuai aturan dan tidak merugikan masyarakat maupun lingkungan,
Kini, masyarakat berharap pemerintah tidak hanya melakukan pertemuan administratif, tetapi juga melakukan pemeriksaan lapangan secara terbuka untuk memastikan status operasional PT SATU serta menjawab dugaan keberadaan pipa yang dipersoalkan warga dan kemisingan dan bauk serta lalat betaburan ditengah masyarakat setempat
Publik pun menunggu kejelasan, apakah kesepakatan penutupan operasional 30 Juni 2026 masih berlaku, dan siapa yang memastikan aktivitas PT SATU benar-benar memenuhi seluruh ketentuan lingkungan serta perizinan?",tak jelas,https://awasi.id/hukum-kriminal/konflik-warga-sipin-teluk-duren-belum-usai-muncul-pipa-dalam-tanah-diduga-jalur-pembuangan-limbah-pt-satu,2026-08-18
"Batam - Pemberitaan terkait bangunan yang diduga dijadikan tempat hiburan malam Bar & Cafe di tengah lingkungan permukiman warga terus bergulir, yang berlokasi dekat kampung telaga rindu, nongsa, kota batam.",tak jelas,https://awasi.id/hukum-kriminal/bar-cafe-diduga-beroperasi-di-tengah-permukiman-telaga-rindu-legalitas-dan-tata-ruang-dipertanyakan,2026-08-18
"Surat pengantar, surat keterangan lingkungan, atau persetujuan warga yang diketahui RT tidak otomatis berubah menjadi izin operasional.",tak jelas,https://awasi.id/hukum-kriminal/bar-cafe-diduga-beroperasi-di-tengah-permukiman-telaga-rindu-legalitas-dan-tata-ruang-dipertanyakan,2026-08-18
"Warga pun memiliki hak menyampaikan keberatan apabila keberadaan tempat tersebut menimbulkan gangguan terhadap ketenteraman, keamanan, maupun kenyamanan lingkungan.",tak jelas,https://awasi.id/hukum-kriminal/bar-cafe-diduga-beroperasi-di-tengah-permukiman-telaga-rindu-legalitas-dan-tata-ruang-dipertanyakan,2026-08-18
"Persoalan utamanya adalah apakah kegiatan tersebut legal, sesuai tata ruang, dan tidak melanggar hak warga atas lingkungan yang aman dan nyaman.",tak jelas,https://awasi.id/hukum-kriminal/bar-cafe-diduga-beroperasi-di-tengah-permukiman-telaga-rindu-legalitas-dan-tata-ruang-dipertanyakan,2026-08-18
"Data sementara yang kami dapatkan adalah 1 penumpang meninggal dunia dan 16 penumpang lainnya Luka luka dan dirawat di RSUD Soesilo Slawi, Tegal.",provinsi,https://aksara24.id/2023/05/08/jasa-raharja-jamin-seluruh-korban-kecelakaan-bus-yang-terjun-ke-jurang-di-obyek-wisata-guci/,2026-08-19
"Selain itu romi menyampaikan kepada Camat, Kapolsek, Lurah dan Kepala Desa dan segenap aparatur Pemerintah Desa untuk selalu terus memberi sosialisasi, edukasi kepada masyarakat terhadap karhutla.",tak jelas,https://aksara24.id/2023/03/28/bupati-dan-wabup-safari-ramadhan-perdana-ke-sadu/,2026-08-19
"“Dengan bantuan informasi dari masyarakat, pada hari Rabu, 22 Juni 2022 sekira pukul 01.00 WIB, Unit Reskrim Polsek Neglasari berhasil melakukan penangkapan terhadap pelaku di Kotabumi, Pasar Kemis Kabupaten Tangerang,” jelasnya.",tak jelas,https://aksara24.id/2022/06/28/kenalan-cowok-lewat-facebook-8-ibu-muda-jadi-korban-penipuan/,2026-08-19
"Melalui jajaran kewilayahan, TNI akan terus membangun sinergi bersama pemerintah daerah dan masyarakat untuk mendorong peningkatan produktivitas pertanian.",tak jelas,https://amuranews.id/danrem-042-gapu-dukung-gerakan-tanam-bawang-putih-serentak-kerinci-jadi-bagian-strategis-swasembada-nasional/,2026-08-19
"Di saat yang sama, sinergi antara pemerintah, TNI-Polri, pemerintah daerah, insan pertanian, dan masyarakat menjadi faktor penting dalam mewujudkan ketahanan pangan dan kemandirian pangan nasional.",tak jelas,https://amuranews.id/danrem-042-gapu-dukung-gerakan-tanam-bawang-putih-serentak-kerinci-jadi-bagian-strategis-swasembada-nasional/,2026-08-19
"“Upaya tersebut diharapkan dapat mendukung pencegahan dan penanganan karhutla sekaligus menjaga lingkungan serta keselamatan masyarakat selama musim kemarau 2026,” lanjut Helly.",tak jelas,https://www.angsoduo.net/2026/08/nbt-coal-group-perkuat-kesiapsiagaan-karhutla-ert-siap-bergerak,2026-08-19
"Ukuran keberhasilan pembangunan bukan hanya berapa banyak program yang sudah dibuat atau berapa besar anggaran yang sudah dibelanjakan, tetapi seberapa jauh masyarakat merasakan manfaatnya.",tak jelas,https://www.angsoduo.net/2026/08/bukan-sekadar-perayaan-hut-ri-ke-81-edi-purwanto-soroti-nasib-rakyat-2293-juta-miskin-dan-103-juta-sarjana-menganggur,2026-08-19
"Kita harus menciptakan lapangan pekerjaan, memperkuat ekonomi lokal, meningkatkan produktivitas, memperbaiki akses pendidikan dan kesehatan, serta memastikan pembangunan infrastruktur benar-benar membuka konektivitas masyarakat.",tak jelas,https://www.angsoduo.net/2026/08/bukan-sekadar-perayaan-hut-ri-ke-81-edi-purwanto-soroti-nasib-rakyat-2293-juta-miskin-dan-103-juta-sarjana-menganggur,2026-08-19
"“Terkait dengan kegiatan Pengundian Kilau Emas, atas nama Pemerintah Provinsi Jambi, saya menyampaikan apresiasi setinggi-tingginya kepada masyarakat Provinsi Jambi Wajib Pajak yang taat membayar pajak.",tak jelas,https://www.angsoduo.net/2026/08/wagub-sani-program-kilau-emas-bentuk-komitmen-pemerintah-provinsi-jambi-berikan-apresiasi-bagi-wajib-pajak,2026-08-19
Agenda ini merupakan upaya Pemerintah Provinsi Jambi untuk meningkatkan kepatuhan masyarakat Provinsi Jambi untuk membayar pajak sekaligus dalam rangka meningkatkan Pendapatan Asli Daerah Provinsi Jambi.,tak jelas,https://www.angsoduo.net/2026/08/wagub-sani-program-kilau-emas-bentuk-komitmen-pemerintah-provinsi-jambi-berikan-apresiasi-bagi-wajib-pajak,2026-08-19
"Selain itu tentu saja Pemerintah Provinsi Jambi juga memberikan penghargaan kepada masyarakat yang tertib melakukan pembayaran pajak dengan insentif yang diundi melalui program Pengundian Kilau Emas bagi Wajib Pajak yang Taat Membayar Pajak,” ucapnya.",tak jelas,https://www.angsoduo.net/2026/08/wagub-sani-program-kilau-emas-bentuk-komitmen-pemerintah-provinsi-jambi-berikan-apresiasi-bagi-wajib-pajak,2026-08-19
"Siapapun pihak yang terlibat dalam program ini harus dapat memberikan pelayanan yang baik, cepat, mudah, transparan dan responsif, sehingga dapat meningkatkan kepercayaan dan kepuasan masyarakat dalam memenuhi kewajiban perpajakannya.",tak jelas,https://www.angsoduo.net/2026/08/wagub-sani-program-kilau-emas-bentuk-komitmen-pemerintah-provinsi-jambi-berikan-apresiasi-bagi-wajib-pajak,2026-08-19
"Dengan pelayanan berkualitas, saya yakin kesadaran dan kepatuhan masyarakat dalam membayar pajak semakin meningkat demi mendukung keberhasilan pembangunan serta peningkatan kesejahteraan masyarakat,” pungkasnya.",tak jelas,https://www.angsoduo.net/2026/08/wagub-sani-program-kilau-emas-bentuk-komitmen-pemerintah-provinsi-jambi-berikan-apresiasi-bagi-wajib-pajak,2026-08-19
Kepulangan Nindya menjadi momen membanggakan bagi Pemerintah Provinsi Jambi dan masyarakat Jambi.,tak jelas,https://www.angsoduo.net/2026/08/sekda-sudirman-sambut-purna-paskibraka-nasional-jadi-kebanggaan-nindya-eltsani-bawa-nama-jambi-ke-tingkat-nasional,2026-08-19
"Menurutnya, prestasi tersebut tidak hanya menjadi kebanggaan bagi Nindya dan keluarga, tetapi juga membawa nama baik sekolah, Kota Sungai Penuh, Provinsi Jambi, hingga masyarakat Jambi secara keseluruhan.",tak jelas,https://www.angsoduo.net/2026/08/sekda-sudirman-sambut-purna-paskibraka-nasional-jadi-kebanggaan-nindya-eltsani-bawa-nama-jambi-ke-tingkat-nasional,2026-08-19
"Para pelajar diharapkan tidak hanya berorientasi pada prestasi akademik, tetapi juga mengembangkan karakter, kedisiplinan, kepemimpinan dan kepedulian terhadap lingkungan serta masyarakat.",tak jelas,https://www.angsoduo.net/2026/08/sekda-sudirman-sambut-purna-paskibraka-nasional-jadi-kebanggaan-nindya-eltsani-bawa-nama-jambi-ke-tingkat-nasional,2026-08-19
"Baik itu bagi dirinya, sekolah, orang tua, maupun bagi masyarakat Provinsi Jambi,” tegasnya.",tak jelas,https://www.angsoduo.net/2026/08/sekda-sudirman-sambut-purna-paskibraka-nasional-jadi-kebanggaan-nindya-eltsani-bawa-nama-jambi-ke-tingkat-nasional,2026-08-19
"Selain itu, masyarakat juga mempertanyakan harga satuan material timbunan, biaya pengadaan dan pengangkutan, serta rincian anggaran untuk pekerjaan jalan, drainase, pemadatan dan item pekerjaan lainnya.",tak jelas,https://awasi.id/daerah/proyek-tpa-kabil-rp44-miliar-bikin-geger-dlh-batam-bungkam-soal-rab-dugaan-mark-up-volume-timbunan-mengemuka,2026-08-19
"Sejumlah pihak di masyarakat meminta APH memberikan atensi terhadap proyek tersebut, terutama menyikapi minimnya penjelasan Kepala DLH Kota Batam ketika dikonfirmasi awak media mengenai penggunaan anggaran dan rincian pekerjaan.",tak jelas,https://awasi.id/daerah/proyek-tpa-kabil-rp44-miliar-bikin-geger-dlh-batam-bungkam-soal-rab-dugaan-mark-up-volume-timbunan-mengemuka,2026-08-19
"Untuk memastikan tidak terjadi mark-up maupun penyimpangan anggaran, masyarakat meminta agar dokumen dan data proyek dapat diperiksa.",tak jelas,https://awasi.id/daerah/proyek-tpa-kabil-rp44-miliar-bikin-geger-dlh-batam-bungkam-soal-rab-dugaan-mark-up-volume-timbunan-mengemuka,2026-08-19
"Masyarakat berharap pemeriksaan tidak berhenti pada kelengkapan administrasi, tetapi juga melakukan uji petik dan pengukuran fisik di lapangan.",tak jelas,https://awasi.id/daerah/proyek-tpa-kabil-rp44-miliar-bikin-geger-dlh-batam-bungkam-soal-rab-dugaan-mark-up-volume-timbunan-mengemuka,2026-08-19
"Merasa dirugikan, ETI kemudian membuat pengaduan masyarakat (Dumas) ke Polsek Air Hangat Timur.",tak jelas,https://awasi.id/hukum-kriminal/oknum-pns-di-sungai-penuh-diduga-tipu-warga-rp40-juta-dengan-modus-pegang-gadai-sawah,2026-08-19
Penertiban ini dilakukan sebagai respons cepat kepolisian atas banyaknya aduan dari warga yang resah terhadap aksi ugal-ugalan di jalan raya.,tak jelas,https://awasi.id/hukum-kriminal/razia-knalpot-brong-di-citra-raya-city-polres-muaro-jambi-jaring-72-kendaraan,2026-08-19
"Tujuan utamanya adalah untuk menjamin keselamatan para pengguna jalan, menekan potensi tindak kriminalitas jalanan, hingga memutus ruang gerak aksi geng motor yang berisiko membahayakan keselamatan publik.",tak jelas,https://awasi.id/hukum-kriminal/razia-knalpot-brong-di-citra-raya-city-polres-muaro-jambi-jaring-72-kendaraan,2026-08-19
"Polres Muaro jambi menghimbau Kepada masyarakat ia komitmennya untuk terus memberikan respons cepat terhadap keluhan dan pengaduan masyarakat, khususnya terkait penggunaan knalpot brong dan aksi balap liar.",tak jelas,https://awasi.id/hukum-kriminal/razia-knalpot-brong-di-citra-raya-city-polres-muaro-jambi-jaring-72-kendaraan,2026-08-19
"Polres Muaro jambi mengimbau seluruh masyarakat, khususnya para pengendara kendaraan bermotor, untuk selalu mematuhi peraturan lalu lintas, melengkapi surat-surat kendaraan, menggunakan perlengkapan keselamatan serta tidak melakukan aktivitas balap liar yang dapat membahayakan diri sendiri maupun pengguna jalan lainnya.",tak jelas,https://awasi.id/hukum-kriminal/razia-knalpot-brong-di-citra-raya-city-polres-muaro-jambi-jaring-72-kendaraan,2026-08-19
"Masyarakat juga dapat memanfaatkan layanan Polisi 110 untuk menyampaikan informasi, laporan maupun pengaduan kepada kepolisian secara cepat.(Noval)",tak jelas,https://awasi.id/hukum-kriminal/razia-knalpot-brong-di-citra-raya-city-polres-muaro-jambi-jaring-72-kendaraan,2026-08-19
"Kegiatan ini bukan hanya untuk kesehatan, tetapi juga untuk mempererat silaturahmi dan kebersamaan warga,” ujar Jabal Nur.",tak jelas,https://www.arcomnews.com/2026/08/gerak-jalan-santai-rt-09-bagan-pete.html,2026-08-20
"Menurutnya, dukungan dan partisipasi masyarakat menjadi bagian penting dalam menyukseskan seluruh rangkaian kegiatan peringatan HUT Kemerdekaan RI di lingkungan RT 09.",tak jelas,https://www.arcomnews.com/2026/08/gerak-jalan-santai-rt-09-bagan-pete.html,2026-08-20
"Dengan mengusung semangat kemerdekaan, kebersamaan, dan gotong royong, gerak jalan santai RT 09 Bagan Pete diharapkan tidak hanya menjadi kegiatan hiburan, tetapi juga mampu mempererat hubungan antarwarga serta menumbuhkan semangat persatuan dan cinta tanah air di lingkungan masyarakat.",tak jelas,https://www.arcomnews.com/2026/08/gerak-jalan-santai-rt-09-bagan-pete.html,2026-08-20
"Dengan terlibat langsung dalam kegiatan Pendidikan,mahasiswa mendapatkan pemahaman nyata mengenai praktik pengabdian kepada Masyarakat serta interaksi dalam membimbing anak-anak di Tingkat sekolah dasar.",tak jelas,https://www.beritaumum.com/2026/08/mahasiswa-unisri-edukasi-bahaya.html,2026-08-20
"Mulai dari pengawas, penilik, Sanggar Kegiatan Belajar (SKB), serta organisasi mitra PAUD hingga Pendidikan Masyarakat (Dikmas), termasuk PKBM.",tak jelas,https://www.beritaumum.com/2026/08/pemkot-bogor-kuatkan-sinergi-tekan.html,2026-08-20
"Kasi Kemas dari kecamatan dan kelurahan juga harus giat lagi door to door kepada warga yang putus sekolah,” kata Jenal Mutaqin dalam rapat sinergitas di Hotel Onih, Kamis (6/8/2026).",kota,https://www.beritaumum.com/2026/08/pemkot-bogor-kuatkan-sinergi-tekan.html,2026-08-20
"Memang, banyak permasalahan yang terjadi di tengah warga, terutama mereka yang putus sekolah.",tak jelas,https://www.beritaumum.com/2026/08/pemkot-bogor-kuatkan-sinergi-tekan.html,2026-08-20
"Usai nobar berlangsung, tim dari Dinas Lingkungan Hidup (DLH) Kota Bogor dibantu masyarakat dan pegawai di lingkungan Sekretariat Daerah Kota Bogor langsung melakukan aksi bersih-bersih di seluruh bagian Balai Kota Bogor.",tak jelas,https://www.beritaumum.com/2026/07/ribuan-warga-padati-balai-kota-saksikan.html,2026-08-20
Program yang dilaksanakan oleh Damar Yusuf Alfarizky tersebut bertujuan memberikan informasi yang jelas kepada masyarakat mengenai tahapan dan prosedur pelayanan publik.,tak jelas,https://www.beritaumum.com/2026/08/mahasiswa-kkn-unisri-gelar-program.html,2026-08-20
"Melalui X-Banner, masyarakat diharapkan dapat mengetahui alur pelayanan dengan lebih mudah tanpa harus merasa bingung mengenai tahapan yang harus dilakukan.",tak jelas,https://www.beritaumum.com/2026/08/mahasiswa-kkn-unisri-gelar-program.html,2026-08-20
"Selain memberikan informasi, keberadaan X-Banner juga diharapkan dapat meningkatkan pemahaman masyarakat terhadap prosedur pelayanan.",tak jelas,https://www.beritaumum.com/2026/08/mahasiswa-kkn-unisri-gelar-program.html,2026-08-20
Informasi yang disajikan secara visual dan sederhana dapat membantu masyarakat mempersiapkan persyaratan sebelum mengurus pelayanan sehingga proses pelayanan menjadi lebih efektif dan efisien.,tak jelas,https://www.beritaumum.com/2026/08/mahasiswa-kkn-unisri-gelar-program.html,2026-08-20
"“Pembuatan X-Banner ini diharapkan dapat membantu masyarakat mengetahui tahapan pelayanan sejak awal, sehingga masyarakat tidak bingung harus mulai dari mana dan dokumen apa saja yang perlu disiapkan,” demikian tujuan program yang dirancang mahasiswa tersebut.",tak jelas,https://www.beritaumum.com/2026/08/mahasiswa-kkn-unisri-gelar-program.html,2026-08-20
"Dorong Pelayanan Publik yang Transparan
Pembuatan media informasi pelayanan publik juga diharapkan mampu mengurangi waktu tunggu masyarakat.",tak jelas,https://www.beritaumum.com/2026/08/mahasiswa-kkn-unisri-gelar-program.html,2026-08-20
"Dengan mengetahui persyaratan dan urutan proses sebelum datang ke tempat pelayanan, masyarakat dapat lebih siap dalam melakukan pengurusan administrasi.",tak jelas,https://www.beritaumum.com/2026/08/mahasiswa-kkn-unisri-gelar-program.html,2026-08-20
Informasi yang tersedia secara terbuka juga diharapkan dapat meningkatkan kepercayaan masyarakat terhadap pelayanan pemerintah desa.,tak jelas,https://www.beritaumum.com/2026/08/mahasiswa-kkn-unisri-gelar-program.html,2026-08-20
"Melalui program tersebut, mahasiswa tidak hanya menjalankan kegiatan KKN, tetapi juga menerapkan ilmu administrasi negara secara langsung di tengah masyarakat.",tak jelas,https://www.beritaumum.com/2026/08/mahasiswa-kkn-unisri-gelar-program.html,2026-08-20
"Ke depan, keberadaan media informasi pelayanan publik diharapkan dapat terus dimanfaatkan dan dikembangkan sesuai dengan kebutuhan masyarakat serta ketentuan pelayanan yang berlaku di Desa Blangu.",tak jelas,https://www.beritaumum.com/2026/08/mahasiswa-kkn-unisri-gelar-program.html,2026-08-20
"Untuk anak putus sekolah, bisa difasilitasi melalui program Pusat Kegiatan Belajar Masyarakat (PKBM) melalui pendataan di tingkat RT/RW.",tak jelas,https://www.beritaumum.com/2026/08/optimalisasi-dewan-pendidikan-dedie.html,2026-08-20
"Dengan adanya informasi yang lengkap, masyarakat dapat lebih mudah mengetahui keberadaan dan layanan yang ditawarkan oleh UMKM di Desa Bonagung.",tak jelas,https://www.beritaumum.com/2026/08/umkm-bonagung-didorong-naik-kelas-lewat.html,2026-08-20
"Menurutnya, capaian tersebut menjadi motivasi bagi jajaran Pemkot Bogor untuk terus memberikan pelayanan terbaik, khususnya dalam menyediakan informasi dan dokumentasi hukum yang dibutuhkan masyarakat.",kota,https://www.beritaumum.com/2026/08/pemkot-bogor-raih-dua-penghargaan-pada.html,2026-08-20
"Ini membuat motivasi kita untuk memberikan pelayanan informasi dan dokumentasi tentang semua permasalahan hukum yang ada di Kota Bogor kepada masyarakat,"" ujar Dedie Rachim di Kantor Wilayah Kementerian Hukum Jawa Barat, Bandung.",tak jelas,https://www.beritaumum.com/2026/08/pemkot-bogor-raih-dua-penghargaan-pada.html,2026-08-20
"Ia mengatakan, pengelolaan informasi dan dokumentasi hukum memiliki peran penting dalam mendukung masyarakat agar lebih mudah mendapatkan akses terhadap berbagai aturan dan kebijakan pemerintah daerah.",tak jelas,https://www.beritaumum.com/2026/08/pemkot-bogor-raih-dua-penghargaan-pada.html,2026-08-20
"Ia menambahkan, penghargaan yang terlah berhasil diraih menjadi pengingat bagi seluruh jajaran Pemkot Bogor untuk terus meningkatkan kualitas pelayanan publik dan memastikan setiap kebijakan yang dihasilkan memiliki dasar hukum yang kuat serta bermanfaat bagi masyarakat.",kota,https://www.beritaumum.com/2026/08/pemkot-bogor-raih-dua-penghargaan-pada.html,2026-08-20
"Perubahan tersebut kemudian berkembang di lingkungan keluarga, sekolah, masyarakat, kota, hingga akhirnya memberikan dampak bagi negara Indonesia.",tak jelas,https://www.beritaumum.com/2026/08/edukasi-paskibraka-kota-bogor-2026.html,2026-08-20
“Pengoperasian tanpa tarif memberikan kesempatan bagi masyarakat untuk mengenal dan merasakan langsung manfaat jalan tol ini.,tak jelas,https://www.bicarajambi.com/2026/08/setelah-dioperasikan-tanpa-tarif-tol.html,2026-08-20
"Kami memastikan seluruh aspek pelayanan, mulai dari transaksi di gerbang tol, kesiapan armada layanan, hingga sistem pemantauan lalu lintas terus kami optimalkan agar pengguna jalan memperoleh perjalanan yang aman, nyaman, dan lancar,” ujar Iwan.",tak jelas,https://www.bicarajambi.com/2026/08/setelah-dioperasikan-tanpa-tarif-tol.html,2026-08-20
"Dalam menunjang pelayanan transaksi, ruas ini dilengkapi dengan Gerbang Tol Pijoan, Gerbang Tol Muaro Sebapo, dan Gerbang Tol Bayung Lencir, yang masing-masing didukung gardu entrance, gardu exit, gardu reversible, serta mobile reader untuk membantu kelancaran transaksi pengguna jalan.",tak jelas,https://www.bicarajambi.com/2026/08/setelah-dioperasikan-tanpa-tarif-tol.html,2026-08-20
Ruas ini juga didukung 104 CCTV dan 6 Variable Message Sign (VMS) untuk menunjang pemantauan kondisi jalan serta penyampaian informasi lalu lintas kepada pengguna jalan.,tak jelas,https://www.bicarajambi.com/2026/08/setelah-dioperasikan-tanpa-tarif-tol.html,2026-08-20
"Menjelang pemberlakuan tarif, Hutama Karya mengimbau pengguna jalan untuk mulai mempersiapkan perjalanan dengan memastikan kartu uang elektronik dalam kondisi baik dan saldo mencukupi sebelum memasuki jalan tol.",tak jelas,https://www.bicarajambi.com/2026/08/setelah-dioperasikan-tanpa-tarif-tol.html,2026-08-20
"Pengguna jalan juga diminta untuk selalu mematuhi rambu dan batas kecepatan, menjaga jarak aman, serta tidak berkendara dalam kondisi lelah.",tak jelas,https://www.bicarajambi.com/2026/08/setelah-dioperasikan-tanpa-tarif-tol.html,2026-08-20
Hutama Karya akan terus melakukan sosialisasi secara bertahap kepada masyarakat terkait pengoperasian bertarif Jalan Tol Betung–Tempino–Jambi Seksi Bayung Lencir–Simpang Ness.,tak jelas,https://www.bicarajambi.com/2026/08/setelah-dioperasikan-tanpa-tarif-tol.html,2026-08-20
"Untuk kebutuhan informasi maupun bantuan selama perjalanan, pengguna jalan dapat menghubungi Call Center Jalan Tol Hutama Karya 150700.",tak jelas,https://www.bicarajambi.com/2026/08/setelah-dioperasikan-tanpa-tarif-tol.html,2026-08-20
Pengguna jalan juga dapat memanfaatkan aplikasi Mozy untuk memperoleh berbagai informasi perjalanan di Jalan Tol Hutama Karya.,tak jelas,https://www.bicarajambi.com/2026/08/setelah-dioperasikan-tanpa-tarif-tol.html,2026-08-20
"2026
BICARA PENDIDIKAN - Kementerian Pertahanan Republik Indonesia melalui Badan Cadangan Nasional (Bacadnas) menyelenggarakan Workshop Pembinaan Kesadaran Bela Negara (PKBN) Lingkup Masyarakat di Provinsi Jambi Tahun Anggaran 2026.Kegiatan mengusung tema “Internalisasi Nilai Dasar Bela Negara sebagai Fondasi Menuju Indonesia Emas 2045”.",tak jelas,https://www.bicarajambi.com/2026/08/kemhan-ri-gelar-workshop-pembinaan.html,2026-08-20
Peserta juga diharapkan dapat menjadi agen perubahan dan role model dalam mengaktualisasikan nilai-nilai bela negara di lingkungan masyarakat.,tak jelas,https://www.bicarajambi.com/2026/08/kemhan-ri-gelar-workshop-pembinaan.html,2026-08-20
"Kegiatan tersebut sekaligus menjadi momentum memperkuat sinergi antara Kementerian Pertahanan, Pemerintah Daerah, khususnya Provinsi Jambi dan seluruh komponen masyarakat dalam membangun sumber daya manusia yang memiliki kompetensi sekaligus kesadaran bela negara yang kuat sebagai bagian dari upaya mewujudkan Indonesia Emas 2045.",tak jelas,https://www.bicarajambi.com/2026/08/kemhan-ri-gelar-workshop-pembinaan.html,2026-08-20
"Kami berharap kegiatan ini dapat memberikan peringatan dini, masukan, serta solusi dalam meningkatkan kualitas tata kelola penyelenggaraan tugas Polri dan pelayanan kepada masyarakat,” ujar Wakapolda Jambi.",tak jelas,https://www.bicarajambi.com/2026/08/polda-jambi-dukung-audit-kinerja.html,2026-08-20
"Polda Jambi akan menindaklanjuti setiap rekomendasi secara serius agar dapat meningkatkan kualitas pelaksanaan tugas, pengelolaan sumber daya, serta pelayanan Polri kepada masyarakat,” tegasnya.",tak jelas,https://www.bicarajambi.com/2026/08/polda-jambi-dukung-audit-kinerja.html,2026-08-20
"Dalam surat elektronik tersebut, disebutkan bagian yang dianggap tidak tepat berikut tautan dari artikel serta pemohon wajib menyebutkan identitas dengan jelas termasuk melampirkan foto/capture KTP.",tak jelas,https://www.bicarajambi.com/p/kode-perilaku-perusahaan-pers.html,2026-08-20
"Diisaat jam sibuk seperti ini, disimpang Pall V Tembesi yang nyaris lumpuh, kita warga dan seorang TNI yang membantu untuk menguraikan kemacetan, sementara kita tidak melihat adanya petugas lain disimpang ini, ” Sambungnya.",tak jelas,https://aksara24.id/2023/11/03/kemacetan-di-pal-v-muara-tembesi-batanghari-membuat-aktivitas-sekolah-terhambat/,2026-08-21
"Selain itu, juga belum adanya standar obat dan alat kesehatan, serta tingginya angka morbiditas pasien yang seharusnya dapat dicegah.",tak jelas,https://aksara24.id/2023/11/28/jasa-raharja-launching-buku-pedoman-perawatan-korban-lakalantas-bagi-seluruh-rs-di-indonesia/,2026-08-21
"Sehingga, masyarakat mendapatkan manfaat maksimal atas dana santunan dan tercapainya kendali mutu pelayanan korban kecelakaan yang berlaku secara nasional,” ujar Rivan dalam press release yang diterima media ini.",tak jelas,https://aksara24.id/2023/11/28/jasa-raharja-launching-buku-pedoman-perawatan-korban-lakalantas-bagi-seluruh-rs-di-indonesia/,2026-08-21
"DC-FKMN-JR ini, lanjut Rivan, merupakan suatu bagian transformasi Jasa Raharja dalam melakukan improvement di semua lini, yaitu mulai dari pendataan kendaraan hingga pelayanan kepada masyarakat.",tak jelas,https://aksara24.id/2023/11/28/jasa-raharja-launching-buku-pedoman-perawatan-korban-lakalantas-bagi-seluruh-rs-di-indonesia/,2026-08-21
"Tentunya ini dapat meningkatkan pelayanan kepada masyarakat, terutama pada golden periode,” ucap Rivan.",tak jelas,https://aksara24.id/2023/11/28/jasa-raharja-launching-buku-pedoman-perawatan-korban-lakalantas-bagi-seluruh-rs-di-indonesia/,2026-08-21
"Jasa Raharja, lanjut Dewi, akan terus memantau agar DC-FKMN-JR dipergunakan dengan penuh tanggung jawab dan sebagaimana mestinya, untuk peningkatan mutu pelayanan kepada seluruh masyarakat Indonesia.",tak jelas,https://aksara24.id/2023/11/28/jasa-raharja-launching-buku-pedoman-perawatan-korban-lakalantas-bagi-seluruh-rs-di-indonesia/,2026-08-21
"Dampaknya dapat meluas terhadap kesehatan, kualitas udara, aktivitas ekonomi, transportasi hingga kehidupan sosial masyarakat.",tak jelas,https://amuranews.id/satgas-karhutla-jambi-perkuat-kesiapsiagaan-brigjen-nyamin-jangan-tunggu-api-membesar/,2026-08-21
"Pesan yang ditekankan jelas: cegah sebelum meluas, tangani dengan cepat, serta lindungi masyarakat dan lingkungan.",tak jelas,https://amuranews.id/satgas-karhutla-jambi-perkuat-kesiapsiagaan-brigjen-nyamin-jangan-tunggu-api-membesar/,2026-08-21
"Menurutnya, program pemerintah yang bersentuhan langsung dengan kepentingan masyarakat membutuhkan dukungan dan kerja bersama seluruh komponen bangsa.",tak jelas,https://amuranews.id/danrem-042-gapu-kunjungi-kodim-0417-kerinci-perkuat-sinergi-tni-dan-pemda-dukung-program-strategis-nasional/,2026-08-21
"TNI bersama pemerintah daerah dan seluruh komponen bangsa harus bergerak bersama untuk menyukseskan program strategis nasional serta memberikan manfaat nyata bagi masyarakat,” tegas Brigjen TNI Nyamin.",tak jelas,https://amuranews.id/danrem-042-gapu-kunjungi-kodim-0417-kerinci-perkuat-sinergi-tni-dan-pemda-dukung-program-strategis-nasional/,2026-08-21
"Ia juga menyinggung terkait aksi BPR yang sebelumnya mendatangi lokasi penanaman pada awal Agustus 2026, Helly mengatakan perusahaan menghargai kritik dari masyarakat sebagai bagian dari kontrol publik.",tak jelas,https://www.angsoduo.net/2026/08/didemo-bpr-pt-sas-balik-pertanyakan-sikap-walhi-soal-larangan-menanam-pohon,2026-08-21
"“Menerangi jalan untuk meningkatkan keselamatan dan keamanan bagi masyarakat yang melintas, seharusnya itu adalah kegiatan baik yang tak perlu disalah-salahkan,” lanjut Helly lagi.",tak jelas,https://www.angsoduo.net/2026/08/didemo-bpr-pt-sas-balik-pertanyakan-sikap-walhi-soal-larangan-menanam-pohon,2026-08-21
"Edi menilai, anggaran negara tersebut harus benar-benar diarahkan untuk menjawab kebutuhan masyarakat melalui delapan program utama Presiden.",tak jelas,https://www.angsoduo.net/2026/08/edi-purwanto-bicara-apbn-2027-rp4-097-triliun-harus-jawab-kemiskinan-kesehatan-pendidikan-dan-ekonomi-daerah,2026-08-21
"Di akhir sambutannya, Al Haris mengucapkan selamat ulang tahun ke-6 kepada Universitas Muhammadiyah Jambi dan mengajak seluruh pihak untuk terus bersinergi membangun masa depan pendidikan yang inklusif, transformatif, dan berdampak luas bagi masyarakat.",tak jelas,https://aksara24.id/2025/06/25/milad-ke-6-gubernur-dorong-universitas-muhammadiyah-jambi-terus-berinovasi/,2026-08-22
"Hal ini juga terlihat pada mural Presiden Joko Widodo (Jokowi) yang terpampang di tembok warga di Jalan Slamet Riyadi, Solo.",tak jelas,https://aksara24.id/2022/09/17/mural-perang-rusia-vs-ukraina-presiden-jokowi-jadi-dalang/,2026-08-22
"Gerak jalan santai menjadi bagian dari rangkaian peringatan HUT ke-81 Kemerdekaan RI sekaligus menjadi momentum mempererat kebersamaan antara pemerintah daerah, TNI-Polri dan masyarakat.",tak jelas,https://amuranews.id/danrem-042-gapu-ikut-gerak-jalan-dan-senam-bersama-semarak-hut-ke-81-ri-di-jambi/,2026-08-23
"Pemerintah daerah, TNI-Polri, instansi teknis, perusahaan dan masyarakat harus bergerak bersama agar api tidak meluas.",tak jelas,https://amuranews.id/forkopimda-muaro-jambi-turun-langsung-ke-lokasi-karhutla-sungai-gelam-puluhan-personel-dikerahkan/,2026-08-23
"Jangan sampai terlambat karena dapat meluas dan menimbulkan dampak yang lebih besar terhadap masyarakat maupun lingkungan,” tegas Kombes Pol.",tak jelas,https://amuranews.id/forkopimda-muaro-jambi-turun-langsung-ke-lokasi-karhutla-sungai-gelam-puluhan-personel-dikerahkan/,2026-08-23
"Mendesak Transparansi dan Pemerataan DataMenurut Paramitha, program ini harus dipastikan merata dan tepat sasaran agar manfaatnya—terutama rasa aman bagi warga—dapat dirasakan oleh seluruh masyarakat, terutama di lingkungan yang masih minim penerangan.",tak jelas,https://bacahukum.com/2025/10/21/paramitha-pertanyakan-sebaran-program-tangsel-terang/,2026-08-23
“Kami ingin memastikan apakah 1.144 titik itu sudah meng-cover aspirasi masyarakat.,tak jelas,https://bacahukum.com/2025/10/21/paramitha-pertanyakan-sebaran-program-tangsel-terang/,2026-08-23
"“PJU bukan sekadar lampu jalan, tapi bagian fundamental dari rasa aman warga.",tak jelas,https://bacahukum.com/2025/10/21/paramitha-pertanyakan-sebaran-program-tangsel-terang/,2026-08-23
"Dengan adanya dukungan anggaran dan koordinasi lintas instansi, penanganan tebing diharapkan mampu mencegah kerusakan yang lebih luas sekaligus menjaga kawasan Seberang Kota Jambi tetap aman, tertata, dan nyaman bagi masyarakat.",tak jelas,https://www.angsoduo.net/2026/08/tebing-sungai-batanghari-longsor-dekat-permukiman-edi-purwanto-minta-penanganan-segera,2026-08-24
"Untuk diketahui, berada di tengah kawasan permukiman, aktivitas stockpile pasir tersebut dikeluhkan warga karena menimbulkan debu dan getaran yang dirasakan masyarakat sekitar.",tak jelas,https://www.angsoduo.net/2026/08/bupati-bbs-kok-adem-ayem-terkait-konflik-stockpile-pasir-dengan-warga,2026-08-24
"Kondisi itu membuat warga mendesak Pemerintah Kabupaten Muaro Jambi tidak sekadar melakukan pemeriksaan, tetapi segera mengambil langkah konkret.",tak jelas,https://www.angsoduo.net/2026/08/bupati-bbs-kok-adem-ayem-terkait-konflik-stockpile-pasir-dengan-warga,2026-08-24
Namun warga mempertanyakan mengapa hingga kini belum terlihat tindak lanjut yang memberikan kepastian terhadap persoalan yang mereka hadapi.,tak jelas,https://www.angsoduo.net/2026/08/bupati-bbs-kok-adem-ayem-terkait-konflik-stockpile-pasir-dengan-warga,2026-08-24
Warga lainnya bahkan mempertanyakan apakah pemerintah harus menunggu keresahan masyarakat semakin besar baru mengambil sikap.,tak jelas,https://www.angsoduo.net/2026/08/bupati-bbs-kok-adem-ayem-terkait-konflik-stockpile-pasir-dengan-warga,2026-08-24
"Sebab bagi masyarakat terdampak, debu dan getaran bukan sekadar keluhan di atas kertas.",tak jelas,https://www.angsoduo.net/2026/08/bupati-bbs-kok-adem-ayem-terkait-konflik-stockpile-pasir-dengan-warga,2026-08-24
"Tak hanya jalan santai, Pemprov Jambi juga menghadirkan berbagai kegiatan untuk masyarakat.",provinsi,https://www.angsoduo.net/2026/08/jalan-santai-meriahkan-hut-ke-81-ri-al-haris-serukan-semangat-kebangsaa,2026-08-24
Pemprov Jambi berharap semangat kemerdekaan terus tumbuh di tengah masyarakat.,provinsi,https://www.angsoduo.net/2026/08/jalan-santai-meriahkan-hut-ke-81-ri-al-haris-serukan-semangat-kebangsaa,2026-08-24
"Opini Oleh: Edi Purwanto *
Alhamdulillah, sepanjang 2025–2026 saya berkesempatan memperjuangkan aspirasi masyarakat Jambi melalui program Bantuan Stimulan Perumahan Swadaya (BSPS) atau yang lebih dikenal masyarakat sebagai program bedah rumah.",tak jelas,https://www.angsoduo.net/2026/08/edi-purwanto-ungkap-capaian-besar-bedah-rumah-di-jambi-3-000-rumah-dibantu-dan-bsps-2027-naik-rp23-juta,2026-08-24
Karena itulah saya terus mendorong agar aspirasi masyarakat mengenai rumah layak huni dapat diperjuangkan melalui program pemerintah.,tak jelas,https://www.angsoduo.net/2026/08/edi-purwanto-ungkap-capaian-besar-bedah-rumah-di-jambi-3-000-rumah-dibantu-dan-bsps-2027-naik-rp23-juta,2026-08-24
"Lebih dari 3.000 Rumah Warga Jambi
Sepanjang 2025 hingga 2026, lebih dari 3.000 rumah warga di Provinsi Jambi mendapatkan dukungan melalui aspirasi BSPS yang saya perjuangkan.",tak jelas,https://www.angsoduo.net/2026/08/edi-purwanto-ungkap-capaian-besar-bedah-rumah-di-jambi-3-000-rumah-dibantu-dan-bsps-2027-naik-rp23-juta,2026-08-24
"Karena itu, perjuangan untuk menghadirkan rumah layak huni bagi masyarakat Jambi tidak boleh berhenti hanya karena satu program atau satu tahun anggaran.",tak jelas,https://www.angsoduo.net/2026/08/edi-purwanto-ungkap-capaian-besar-bedah-rumah-di-jambi-3-000-rumah-dibantu-dan-bsps-2027-naik-rp23-juta,2026-08-24
"“Melalui Festival Batanghari ini hendaknya dapat mendorong gerakan kolektif dan kesadaran masyarakat Provinsi Jambi untuk mengembangkan potensi perairan di Provinsi Jambi demi kesejahteraan dan kemajuan bersama tanpa merusak lingkungan, di mana warga lokal menjadi penjaga ekosistem perairan, merawat tradisi dan nilai bahari demi keberlanjutan Sungai Batanghari sebagai ruang hidup masyarakat Provinsi Jambi,” lanjutnya.",tak jelas,https://www.angsoduo.net/2026/08/tutup-festival-batanghari-gubernur-al-haris-minta-semangat-proklamasi-membangun-negeri,2026-08-24
"Selain jalan santai, Pemprov Jambi juga menghadirkan beragam program kerakyatan bagi masyarakat.",provinsi,https://www.betara.id/semarak-puncak-hut-ke-81-ri-pemprov-jambi-gelar-jalan-santai-dan-pangan-murah-untuk-warga/,2026-08-24
"Melalui kemeriahan tersebut, Pemprov Jambi berharap semangat kebangsaan dan persatuan terus tumbuh di tengah masyarakat.",provinsi,https://www.betara.id/semarak-puncak-hut-ke-81-ri-pemprov-jambi-gelar-jalan-santai-dan-pangan-murah-untuk-warga/,2026-08-24
"Kerja sama tersebut diharapkan tidak hanya meningkatkan kompetensi wartawan, tetapi juga memperkuat distribusi informasi pembangunan dan mengangkat potensi serta aspirasi masyarakat daerah ke panggung penyiaran publik nasional.",tak jelas,https://www.betara.id/smsi-dan-rri-dorong-kolaborasi-media-untuk-perkuat-kompetensi-jurnalis-dan-jernihkan-informasi/,2026-08-24
"Media Siber dan Penyiaran Publik Harus Bersinergi
Firdaus menilai tantangan media ke depan bukan sekadar persaingan mendapatkan perhatian audiens, tetapi bagaimana memastikan masyarakat memperoleh informasi yang benar, terverifikasi dan berkualitas di tengah derasnya arus informasi media sosial.",tak jelas,https://www.betara.id/smsi-dan-rri-dorong-kolaborasi-media-untuk-perkuat-kompetensi-jurnalis-dan-jernihkan-informasi/,2026-08-24
"Turnamen ini sukses membuka keran komunikasi dan silaturahmi antar-pegawai OPD, instansi vertikal, hingga elemen masyarakat luas.",tak jelas,https://www.betara.id/tutup-turnamen-padel-merdeka-cup-2026-al-haris-jaga-nilai-kejuangan-dan-semangat-kebersamaan/,2026-08-24
"Layanan Publik Terpadu: Warga juga menikmati hiburan musik, panjat pinang, hingga layanan kependudukan digital (IKD) di lokasi acara.",tak jelas,https://www.betara.id/semarak-hut-ke-81-ri-di-kota-jambi-padukan-festival-layang-layang-dan-kuliner-bengen/,2026-08-24
"Menurutnya, Safari Subuh bukan sekadar kegiatan keagamaan, melainkan sarana efektif mempererat silaturahmi sekaligus mendengar langsung aspirasi warga.",tak jelas,https://www.betara.id/safari-subuh-gubernur-al-haris-tekankan-pengawasan-ketat-anak-dari-ancaman-geng-motor-hingga-narkoba/,2026-08-24
"Geng motor, judi online dan narkoba tidak hanya menjadi tugas pemerintah, tetapi juga tugas masyarakat,” tegas Al Haris.",tak jelas,https://www.betara.id/safari-subuh-gubernur-al-haris-tekankan-pengawasan-ketat-anak-dari-ancaman-geng-motor-hingga-narkoba/,2026-08-24
"BETARA.ID, KERINCI – Masyarakat Kabupaten Kerinci kini tidak perlu lagi khawatir soal akses kesehatan rujukan.",tak jelas,https://www.betara.id/al-haris-bangun-rsud-kerinci-fasilitas-lengkap-tak-perlu-lagi-rujuk-ke-luar-daerah/,2026-08-24
Al Haris mengambil langkah strategis ini sebagai solusi konkret atas kebutuhan mendesak warga akan fasilitas kesehatan yang mumpuni.,tak jelas,https://www.betara.id/al-haris-bangun-rsud-kerinci-fasilitas-lengkap-tak-perlu-lagi-rujuk-ke-luar-daerah/,2026-08-24
"Thalib menjadi aset Kota Sungai Penuh, Al Haris segera memacu pembangunan rumah sakit baru agar pelayanan kesehatan bagi masyarakat Kerinci tetap terjaga.",tak jelas,https://www.betara.id/al-haris-bangun-rsud-kerinci-fasilitas-lengkap-tak-perlu-lagi-rujuk-ke-luar-daerah/,2026-08-24
"Karena itu, masyarakat sudah saatnya memiliki rumah sakit dengan pelayanan yang memadai,” tegas Al Haris saat meresmikan dimulainya proyek tersebut.",tak jelas,https://www.betara.id/al-haris-bangun-rsud-kerinci-fasilitas-lengkap-tak-perlu-lagi-rujuk-ke-luar-daerah/,2026-08-24
"Saat ini, fokus kami adalah menyiapkan SDM yang kompeten agar RSUD tipe C ini dapat langsung melayani masyarakat secara maksimal pada 2027,” jelas Monadi.",provinsi,https://www.betara.id/al-haris-bangun-rsud-kerinci-fasilitas-lengkap-tak-perlu-lagi-rujuk-ke-luar-daerah/,2026-08-24
"Harapannya, kehadiran RSUD baru ini benar-benar menjawab kebutuhan medis warga dan mengurangi ketergantungan terhadap layanan kesehatan di luar daerah secara signifikan.(*/Rdi)",provinsi,https://www.betara.id/al-haris-bangun-rsud-kerinci-fasilitas-lengkap-tak-perlu-lagi-rujuk-ke-luar-daerah/,2026-08-24
"Bantuan Konkret untuk Lingkungan
Pemerintah Kota Jambi merealisasikan aspirasi warga RT 07 melalui pembangunan jalan beton sepanjang 70 meter.",tak jelas,https://www.betara.id/diza-hazra-aljhosa-sukseskan-kampunh-bahagia/,2026-08-24
"Selain fasilitas fisik, warga juga menerima bantuan non-fisik berupa tenda, kursi, sound system, hingga kendaraan bermotor roda tiga (bentor) untuk mendukung optimalisasi program Operator Pengumpul Sampah Berbasis Masyarakat (OPBM).",tak jelas,https://www.betara.id/diza-hazra-aljhosa-sukseskan-kampunh-bahagia/,2026-08-24
"Selain akses jalan yang lebih baik, kami kini memiliki sarana pendukung kegiatan warga serta CCTV untuk keamanan lingkungan.",tak jelas,https://www.betara.id/diza-hazra-aljhosa-sukseskan-kampunh-bahagia/,2026-08-24
"Oleh karena itu, melihat antusiasme masyarakat yang memadati area festival sejak awal acara, Al Haris langsung melayangkan pujian tinggi kepada Pemerintah Kabupaten Merangin selaku tuan rumah.",tak jelas,https://www.betara.id/al-haris-puji-pekan-budaya-jambi/,2026-08-24
"Respons cepat di lapangan perlu didukung komunikasi dan koordinasi antara perusahaan, pemerintah, aparat, serta masyarakat.",tak jelas,https://www.betara.id/pt-wks-kerahkan-tim-darat-dan-helikopter-karhutla-sekumbung-padam-dalam-25-jam/,2026-08-24
"BETARA.ID, JAMBI – Pemerintah Provinsi Jambi memberikan apresiasi tinggi kepada masyarakat yang taat membayar Pajak Kendaraan Bermotor (PKB).",tak jelas,https://www.betara.id/pemprov-jambi-tebar-hadiah-lewat-kilau-emas-warga-taat-pajak-kendaraan-dapat-apresiasi/,2026-08-24
"Lewat Program Kilau Emas, Pemprov Jambi tidak sekadar menggenjot kepatuhan pajak, tetapi juga memanjakan warga yang tertib menunaikan kewajibannya.",provinsi,https://www.betara.id/pemprov-jambi-tebar-hadiah-lewat-kilau-emas-warga-taat-pajak-kendaraan-dapat-apresiasi/,2026-08-24
"Menyadari tantangan ekonomi warga, Pemprov Jambi juga meluncurkan Program Pemberian Keringanan Pokok dan Sanksi PKB Tahun 2026.",provinsi,https://www.betara.id/pemprov-jambi-tebar-hadiah-lewat-kilau-emas-warga-taat-pajak-kendaraan-dapat-apresiasi/,2026-08-24
"”Selain memberikan kemudahan, Pemerintah Provinsi Jambi juga memberikan penghargaan kepada masyarakat yang tertib membayar pajak melalui insentif yang diundi dalam Program Kilau Emas,” tambahnya.",tak jelas,https://www.betara.id/pemprov-jambi-tebar-hadiah-lewat-kilau-emas-warga-taat-pajak-kendaraan-dapat-apresiasi/,2026-08-24
"”Atas nama Pemerintah Kota Jambi dan masyarakat, kami menyampaikan terima kasih atas dedikasi dan pengabdian Bapak [NAMA] Binanga Siregar selama bertugas di Kota Jambi.",tak jelas,https://www.betara.id/pemkot-jambi-beri-apresiasi-untuk-kombes-pol-boy-sutan-estafet-kepemimpinan-kapolresta-berlanjut/,2026-08-24
"Ia mengajak seluruh elemen masyarakat, orang tua, dan sekolah untuk memperketat perlindungan terhadap anak-anak.",tak jelas,https://www.betara.id/malam-tasyakuran-hut-ke-81-ri-wali-kota-maulana-puji-disiplin-paskibraka-dan-ingatkan-bahaya-narkoba/,2026-08-24
Kemarin beliau juga sudah memberi sosialisasi kepada masyarakat kita tentang pengelolaan sampah dan masalah lingkungan.,tak jelas,https://www.betara.id/sinyal-kuat-duet-di-pilgub-jambi-fasha-dan-anwar-sadat-pamer-keakraban-di-hut-tanjab-barat/,2026-08-24
Pengusaha angkutan umum resmi yang memiliki izin operasi wajib untuk mengkutip Iuran Wajib yang dikuip dari tiket/karcis angkutan umum di juala kepada penumpang.,tak jelas,https://aksara24.id/2022/06/30/jasa-raharja-dan-bptd-v-jambi-kunjungi-loket-loket-transportasi-darat-ilegal-di-kota-jambi/,2026-08-25
"“Pengusaha atau perusahaan transportasi umum yang tidak memiliki izin operasi resmi tidak dapat diberikan Perlindungan Kecelakaan Penumpang umum oleh kami Jasa Raharja , sebab moda transportasi yang mereka opersionalisasikan legal, Jasa Raharaja melakukan pengutipan Iuaran Wajib bagi kendaraan angkutan umum resmi yang memiliki ijin dari Pemerintah,“ jelas Donny.",tak jelas,https://aksara24.id/2022/06/30/jasa-raharja-dan-bptd-v-jambi-kunjungi-loket-loket-transportasi-darat-ilegal-di-kota-jambi/,2026-08-25
AMURANEWS | Kepedulian TNI terhadap kesehatan masyarakat kembali ditunjukkan secara langsung di tengah aktivitas warga Kota Jambi.,tak jelas,https://amuranews.id/9877-2/,2026-08-25
"Danrem 042/Gapu Brigjen TNI Nyamin, S.I.P., M.M., turun ke jalan dan membagikan masker kepada masyarakat serta pengguna jalan di Simpang 5 Jelutung, Kota Jambi, Senin (24/8/2026).",tak jelas,https://amuranews.id/9877-2/,2026-08-25
"Dengan menyasar langsung masyarakat dan pengguna jalan, Danrem mengingatkan pentingnya penggunaan masker, khususnya bagi warga yang beraktivitas di luar rumah.",tak jelas,https://amuranews.id/9877-2/,2026-08-25
"“Kami mengimbau kepada seluruh masyarakat agar selalu menjaga kesehatan, terutama ketika beraktivitas di luar rumah.",tak jelas,https://amuranews.id/9877-2/,2026-08-25
"Pembagian masker tersebut sekaligus menjadi bentuk kepedulian Korem 042/Gapu terhadap masyarakat Jambi, khususnya dalam menghadapi kondisi lingkungan yang dapat berdampak terhadap kesehatan.",tak jelas,https://amuranews.id/9877-2/,2026-08-25
"Melalui kegiatan tersebut, Korem 042/Gapu juga mengajak masyarakat untuk meningkatkan kesadaran menjaga kesehatan sekaligus bersama-sama menjaga kualitas lingkungan.",tak jelas,https://amuranews.id/9877-2/,2026-08-25
"TNI hadir bukan hanya menjaga keamanan, tetapi juga ikut menjaga kesehatan dan keselamatan masyarakat.",tak jelas,https://amuranews.id/9877-2/,2026-08-25
"Keterlibatan Babinsa dan unsur TNI dalam penanganan Karhutla menjadi bagian dari upaya bersama membantu pemerintah daerah dan masyarakat dalam menghadapi ancaman kebakaran hutan dan lahan, sekaligus mencegah dampak yang lebih luas terhadap lingkungan dan masyarakat sekitar.",tak jelas,https://amuranews.id/karhutla-di-rimbo-tengah-1-hektare-lahan-gambut-terbakar/,2026-08-25
"Langkah itu, kata dia, tidak hanya menjaga lingkungan, namun turut memberikan kebaikan kepada masyarakat sekitar.",tak jelas,https://www.angsoduo.net/2026/08/menteri-lingkungan-hidup-ptpn-iv-palmco-luncurkan-gerakan-tanam-15-juta-pohon,2026-08-25
"Ia menyebut lingkungan di sekitar perkebunan merupakan satu kesatuan yang tidak terpisahkan dari aktivitas perusahaan, mulai dari sungai, hutan, tanah, masyarakat hingga keanekaragaman hayati.",tak jelas,https://www.angsoduo.net/2026/08/menteri-lingkungan-hidup-ptpn-iv-palmco-luncurkan-gerakan-tanam-15-juta-pohon,2026-08-25
"Karena itu, gerakan penanaman 1,5 juta pohon diharapkan tidak berhenti pada kegiatan penanaman, tetapi dilanjutkan dengan pemeliharaan dan perawatan bersama sehingga memberikan manfaat jangka panjang bagi lingkungan dan masyarakat.",tak jelas,https://www.angsoduo.net/2026/08/menteri-lingkungan-hidup-ptpn-iv-palmco-luncurkan-gerakan-tanam-15-juta-pohon,2026-08-25
"Dana itu digunakan untuk sejumlah program, mulai dari penanganan bencana, kesehatan dan penurunan stunting, pemberdayaan usaha mikro, kecil, dan menengah (UMKM), pelestarian lingkungan, hingga pembangunan sarana dan prasarana masyarakat.",tak jelas,https://www.angsoduo.net/2026/08/palmco-salurkan-rp171-miliar-untuk-kesehatan-umkm-lingkungan-dan-pemulihan-bencana,2026-08-25
"Selain program lingkungan, dana TJSL juga digunakan untuk mendukung kebutuhan dasar masyarakat.",tak jelas,https://www.angsoduo.net/2026/08/palmco-salurkan-rp171-miliar-untuk-kesehatan-umkm-lingkungan-dan-pemulihan-bencana,2026-08-25
"Oleh karena itu, momentum kemerdekaan ini menjadi pendorong bagi kami untuk terus memperkuat sinergi dengan pemerintah daerah, penegak hukum, lembaga sosial, dan masyarakat,” ujarnya.",tak jelas,https://www.angsoduo.net/2026/08/palmco-salurkan-rp171-miliar-untuk-kesehatan-umkm-lingkungan-dan-pemulihan-bencana,2026-08-25
"Melalui pendekatan tersebut, program TJSL diharapkan tidak berhenti pada bantuan sesaat, tetapi turut memperkuat ketahanan sosial dan ekonomi masyarakat serta menjaga lingkungan di sekitar wilayah operasional perusahaan.",tak jelas,https://www.angsoduo.net/2026/08/palmco-salurkan-rp171-miliar-untuk-kesehatan-umkm-lingkungan-dan-pemulihan-bencana,2026-08-25
